Temp	Nickel	Cobalt	Chromium	Molybdenum	Tungsten	Aluminium	Titanium	Niobium	Tantalum	Hafnium	Rhenium	Vanadium	Ferrite	Galium	Copper	Gold	AlphaGamma	AlphaGammaPrime	Phase
25	0.5011	0.1907	0.2018	0.0079	0.0244	0.0392	0.0022	0.0	0.0059	0.0001	0.0267	0.0	0.0	0.0	0.0	0.0	3.579957		$\gamma$
500	0.5011	0.1907	0.2018	0.0079	0.0244	0.0392	0.0022	0.0	0.0059	0.0001	0.0267	0.0	0.0	0.0	0.0	0.0	3.601514		$\gamma$
800	0.5011	0.1907	0.2018	0.0079	0.0244	0.0392	0.0022	0.0	0.0059	0.0001	0.0267	0.0	0.0	0.0	0.0	0.0	3.617163		$\gamma$
900	0.5224	0.1761	0.1865	0.0077	0.0244	0.0478	0.003	0.0	0.006500000000000001	0.0001	0.0255	0.0	0.0	0.0	0.0	0.0	3.624123		$\gamma$
1000	0.5652	0.14880000000000002	0.1515	0.0069	0.024	0.06860000000000001	0.0053	0.0	0.0083	0.0001	0.0214	0.0	0.0	0.0	0.0	0.0	3.631554		$\gamma$
1100	0.5976	0.1263	0.11800000000000001	0.005699999999999999	0.0229	0.0933	0.0086	0.0	0.0109	0.0001	0.0165	0.0	0.0	0.0	0.0	0.0	3.640283		$\gamma$
25	0.6739	0.0	0.2329	0.0123	0.0433	0.0319	0.0027	0.0	0.003	0.0	0.0	0.0	0.0	0.0	0.0	0.0	3.5822160000000003		$\gamma$
300	0.6739	0.0	0.2329	0.0123	0.0433	0.0319	0.0027	0.0	0.003	0.0	0.0	0.0	0.0	0.0	0.0	0.0	3.6004629999999995		$\gamma$
300	0.6739	0.0	0.2329	0.0123	0.0433	0.0319	0.0027	0.0	0.003	0.0	0.0	0.0	0.0	0.0	0.0	0.0	3.6101		$\gamma$
500	0.6739	0.0	0.2329	0.0123	0.0433	0.0319	0.0027	0.0	0.003	0.0	0.0	0.0	0.0	0.0	0.0	0.0	3.603924		$\gamma$
500	0.6739	0.0	0.2329	0.0123	0.0433	0.0319	0.0027	0.0	0.003	0.0	0.0	0.0	0.0	0.0	0.0	0.0	3.6202		$\gamma$
600	0.6739	0.0	0.2329	0.0123	0.0433	0.0319	0.0027	0.0	0.003	0.0	0.0	0.0	0.0	0.0	0.0	0.0	3.613174		$\gamma$
600	0.6739	0.0	0.2329	0.0123	0.0433	0.0319	0.0027	0.0	0.003	0.0	0.0	0.0	0.0	0.0	0.0	0.0	3.6241		$\gamma$
700	0.6739	0.0	0.2329	0.0123	0.0433	0.0319	0.0027	0.0	0.003	0.0	0.0	0.0	0.0	0.0	0.0	0.0	3.620175		$\gamma$
700	0.6739	0.0	0.2329	0.0123	0.0433	0.0319	0.0027	0.0	0.003	0.0	0.0	0.0	0.0	0.0	0.0	0.0	3.6301		$\gamma$
800	0.6739	0.0	0.2329	0.0123	0.0433	0.0319	0.0027	0.0	0.003	0.0	0.0	0.0	0.0	0.0	0.0	0.0	3.628654		$\gamma$
800	0.6739	0.0	0.2329	0.0123	0.0433	0.0319	0.0027	0.0	0.003	0.0	0.0	0.0	0.0	0.0	0.0	0.0	3.6356		$\gamma$
900	0.6819	0.0	0.217	0.0119	0.0429	0.0392	0.0037	0.0	0.0034	0.0	0.0	0.0	0.0	0.0	0.0	0.0	3.628654		$\gamma$
900	0.6819	0.0	0.217	0.0119	0.0429	0.0392	0.0037	0.0	0.0034	0.0	0.0	0.0	0.0	0.0	0.0	0.0	3.642		$\gamma$
1000	0.6977	0.0	0.1822	0.0108	0.0416	0.05690000000000001	0.006500000000000001	0.0	0.0042	0.0	0.0	0.0	0.0	0.0	0.0	0.0	3.635811		$\gamma$
1000	0.6977	0.0	0.1822	0.0108	0.0416	0.05690000000000001	0.006500000000000001	0.0	0.0042	0.0	0.0	0.0	0.0	0.0	0.0	0.0	3.6485		$\gamma$
1100	0.7081000000000001	0.0	0.14880000000000002	0.0094	0.0395	0.0788	0.0101	0.0	0.0054	0.0	0.0	0.0	0.0	0.0	0.0	0.0	3.641913		$\gamma$
25	0.4504	0.23440000000000005	0.2237	0.0309	0.0	0.0516	0.009000000000000001	0.0	0.0	0.0	0.0	0.0	0.0	0.0	0.0	0.0	3.575709		$\gamma$
300	0.4504	0.23440000000000005	0.2237	0.0309	0.0	0.0516	0.009000000000000001	0.0	0.0	0.0	0.0	0.0	0.0	0.0	0.0	0.0	3.589086		$\gamma$
500	0.4504	0.23440000000000005	0.2237	0.0309	0.0	0.0516	0.009000000000000001	0.0	0.0	0.0	0.0	0.0	0.0	0.0	0.0	0.0	3.5980540000000003		$\gamma$
600	0.4504	0.23440000000000005	0.2237	0.0309	0.0	0.0516	0.009000000000000001	0.0	0.0	0.0	0.0	0.0	0.0	0.0	0.0	0.0	3.602693		$\gamma$
700	0.4504	0.23440000000000005	0.2237	0.0309	0.0	0.0516	0.009000000000000001	0.0	0.0	0.0	0.0	0.0	0.0	0.0	0.0	0.0	3.607642		$\gamma$
800	0.4504	0.23440000000000005	0.2237	0.0309	0.0	0.0516	0.009000000000000001	0.0	0.0	0.0	0.0	0.0	0.0	0.0	0.0	0.0	3.614049		$\gamma$
900	0.4819	0.2132	0.20010000000000008	0.028999999999999998	0.0	0.0632	0.0127	0.0	0.0	0.0	0.0	0.0	0.0	0.0	0.0	0.0	3.621327		$\gamma$
1000	0.5332	0.17629999999999998	0.1545	0.0241	0.0	0.08789999999999999	0.024	0.0	0.0	0.0	0.0	0.0	0.0	0.0	0.0	0.0	3.631208		$\gamma$
25	0.5397	0.1032	0.2544	0.0295	0.0378	0.026000000000000002	0.0042	0.0	0.0051	0.0	0.0	0.0	0.0	0.0	0.0	0.0	3.5804440000000004		$\gamma$
300	0.5397	0.1032	0.2544	0.0295	0.0378	0.026000000000000002	0.0042	0.0	0.0051	0.0	0.0	0.0	0.0	0.0	0.0	0.0	3.592867		$\gamma$
500	0.5397	0.1032	0.2544	0.0295	0.0378	0.026000000000000002	0.0042	0.0	0.0051	0.0	0.0	0.0	0.0	0.0	0.0	0.0	3.6008940000000003		$\gamma$
600	0.5397	0.1032	0.2544	0.0295	0.0378	0.026000000000000002	0.0042	0.0	0.0051	0.0	0.0	0.0	0.0	0.0	0.0	0.0	3.605062		$\gamma$
700	0.5397	0.1032	0.2544	0.0295	0.0378	0.026000000000000002	0.0042	0.0	0.0051	0.0	0.0	0.0	0.0	0.0	0.0	0.0	3.610401		$\gamma$
800	0.5397	0.1032	0.2544	0.0295	0.0378	0.026000000000000002	0.0042	0.0	0.0051	0.0	0.0	0.0	0.0	0.0	0.0	0.0	3.616729		$\gamma$
900	0.5625	0.0947	0.2332	0.0286	0.0375	0.0321	0.005699999999999999	0.0	0.005699999999999999	0.0	0.0	0.0	0.0	0.0	0.0	0.0	3.625156		$\gamma$
1000	0.595	0.08109999999999999	0.1975	0.0264	0.0368	0.0462	0.0099	0.0	0.006999999999999999	0.0	0.0	0.0	0.0	0.0	0.0	0.0	3.630798		$\gamma$
1100	0.6236999999999999	0.0693	0.1605	0.023	0.0349	0.0643	0.015700000000000002	0.0	0.0087	0.0	0.0	0.0	0.0	0.0	0.0	0.0	3.636487		$\gamma$
25	0.5654	0.1493	0.174	0.0	0.0794	0.0271	0.0	0.0	0.0048	0.0	0.0	0.0	0.0	0.0	0.0	0.0	3.582172		$\gamma$
300	0.5654	0.1493	0.174	0.0	0.0794	0.0271	0.0	0.0	0.0048	0.0	0.0	0.0	0.0	0.0	0.0	0.0	3.592243		$\gamma$
500	0.5654	0.1493	0.174	0.0	0.0794	0.0271	0.0	0.0	0.0048	0.0	0.0	0.0	0.0	0.0	0.0	0.0	3.600781		$\gamma$
600	0.5654	0.1493	0.174	0.0	0.0794	0.0271	0.0	0.0	0.0048	0.0	0.0	0.0	0.0	0.0	0.0	0.0	3.605601		$\gamma$
700	0.5654	0.1493	0.174	0.0	0.0794	0.0271	0.0	0.0	0.0048	0.0	0.0	0.0	0.0	0.0	0.0	0.0	3.609699		$\gamma$
800	0.5654	0.1493	0.174	0.0	0.0794	0.0271	0.0	0.0	0.0048	0.0	0.0	0.0	0.0	0.0	0.0	0.0	3.615086		$\gamma$
900	0.5848	0.1375	0.16010000000000002	0.0	0.0787	0.0334	0.0	0.0	0.0054	0.0	0.0	0.0	0.0	0.0	0.0	0.0	3.621905		$\gamma$
25	0.7375	0.0	0.1834	0.0	0.0355	0.038	0.0	0.0	0.005600000000000001	0.0	0.0	0.0	0.0	0.0	0.0	0.0	3.5852		$\gamma$
300	0.7375	0.0	0.1834	0.0	0.0355	0.038	0.0	0.0	0.005600000000000001	0.0	0.0	0.0	0.0	0.0	0.0	0.0	3.596159		$\gamma$
500	0.7375	0.0	0.1834	0.0	0.0355	0.038	0.0	0.0	0.005600000000000001	0.0	0.0	0.0	0.0	0.0	0.0	0.0	3.604759		$\gamma$
600	0.7375	0.0	0.1834	0.0	0.0355	0.038	0.0	0.0	0.005600000000000001	0.0	0.0	0.0	0.0	0.0	0.0	0.0	3.609254		$\gamma$
700	0.7375	0.0	0.1834	0.0	0.0355	0.038	0.0	0.0	0.005600000000000001	0.0	0.0	0.0	0.0	0.0	0.0	0.0	3.613886		$\gamma$
800	0.7375	0.0	0.1834	0.0	0.0355	0.038	0.0	0.0	0.005600000000000001	0.0	0.0	0.0	0.0	0.0	0.0	0.0	3.619596		$\gamma$
900	0.6859000000000001	0.0	0.2246	0.0	0.0462	0.0321	0.0	0.0	0.011200000000000002	0.0	0.0	0.0	0.0	0.0	0.0	0.0	3.626669		$\gamma$
1000	0.7003	0.0	0.1953	0.0	0.044500000000000005	0.0462	0.0	0.0	0.0137	0.0	0.0	0.0	0.0	0.0	0.0	0.0	3.633764		$\gamma$
1100	0.708	0.0	0.1707	0.0	0.0425	0.0623	0.0	0.0	0.016399999999999998	0.0	0.0	0.0	0.0	0.0	0.0	0.0	3.642603		$\gamma$
25	0.7434000000000001	0.0	0.1573	0.0	0.065	0.0264	0.0	0.0	0.0079	0.0	0.0	0.0	0.0	0.0	0.0	0.0	3.5840410000000005		$\gamma$
500	0.7434000000000001	0.0	0.1573	0.0	0.065	0.0264	0.0	0.0	0.0079	0.0	0.0	0.0	0.0	0.0	0.0	0.0	3.604095		$\gamma$
600	0.7434000000000001	0.0	0.1573	0.0	0.065	0.0264	0.0	0.0	0.0079	0.0	0.0	0.0	0.0	0.0	0.0	0.0	3.608573		$\gamma$
700	0.7434000000000001	0.0	0.1573	0.0	0.065	0.0264	0.0	0.0	0.0079	0.0	0.0	0.0	0.0	0.0	0.0	0.0	3.613628		$\gamma$
800	0.7434000000000001	0.0	0.1573	0.0	0.065	0.0264	0.0	0.0	0.0079	0.0	0.0	0.0	0.0	0.0	0.0	0.0	3.620903		$\gamma$
900	0.7464	0.0	0.1482	0.0	0.0641	0.0325	0.0	0.0	0.0088	0.0	0.0	0.0	0.0	0.0	0.0	0.0	3.626115		$\gamma$
1000	0.7515999999999999	0.0	0.1288	0.0	0.0614	0.0473	0.0	0.0	0.0109	0.0	0.0	0.0	0.0	0.0	0.0	0.0	3.633111		$\gamma$
1100	0.7524	0.0	0.1114	0.0	0.0582	0.0646	0.0	0.0	0.0133	0.0	0.0	0.0	0.0	0.0	0.0	0.0	3.639494000000001		$\gamma$
25	0.7195999999999999	0.0	0.1873	0.0	0.0585	0.024	0.0	0.0	0.0106	0.0	0.0	0.0	0.0	0.0	0.0	0.0	3.586311		$\gamma$
300	0.7195999999999999	0.0	0.1873	0.0	0.0585	0.024	0.0	0.0	0.0106	0.0	0.0	0.0	0.0	0.0	0.0	0.0	3.598028		$\gamma$
600	0.7195999999999999	0.0	0.1873	0.0	0.0585	0.024	0.0	0.0	0.0106	0.0	0.0	0.0	0.0	0.0	0.0	0.0	3.611344		$\gamma$
700	0.7195999999999999	0.0	0.1873	0.0	0.0585	0.024	0.0	0.0	0.0106	0.0	0.0	0.0	0.0	0.0	0.0	0.0	3.61626		$\gamma$
800	0.7195999999999999	0.0	0.1873	0.0	0.0585	0.024	0.0	0.0	0.0106	0.0	0.0	0.0	0.0	0.0	0.0	0.0	3.621935		$\gamma$
900	0.7265999999999999	0.0	0.1745	0.0	0.0575	0.0296	0.0	0.0	0.0118	0.0	0.0	0.0	0.0	0.0	0.0	0.0	3.621935		$\gamma$
1000	0.7342	0.0	0.1534	0.0	0.0555	0.0425	0.0	0.0	0.0143	0.0	0.0	0.0	0.0	0.0	0.0	0.0	3.637861		$\gamma$
1100	0.7391	0.0	0.1329	0.0	0.0528	0.057999999999999996	0.0	0.0	0.0172	0.0	0.0	0.0	0.0	0.0	0.0	0.0	3.643415		$\gamma$
25	0.7408	0.0	0.1766	0.0	0.0468	0.023	0.0	0.0	0.0128	0.0	0.0	0.0	0.0	0.0	0.0	0.0	3.578525		$\gamma$
300	0.7408	0.0	0.1766	0.0	0.0468	0.023	0.0	0.0	0.0128	0.0	0.0	0.0	0.0	0.0	0.0	0.0	3.591457		$\gamma$
500	0.7408	0.0	0.1766	0.0	0.0468	0.023	0.0	0.0	0.0128	0.0	0.0	0.0	0.0	0.0	0.0	0.0	3.59951		$\gamma$
600	0.7408	0.0	0.1766	0.0	0.0468	0.023	0.0	0.0	0.0128	0.0	0.0	0.0	0.0	0.0	0.0	0.0	3.604125		$\gamma$
700	0.7408	0.0	0.1766	0.0	0.0468	0.023	0.0	0.0	0.0128	0.0	0.0	0.0	0.0	0.0	0.0	0.0	3.609516		$\gamma$
800	0.7408	0.0	0.1766	0.0	0.0468	0.023	0.0	0.0	0.0128	0.0	0.0	0.0	0.0	0.0	0.0	0.0	3.615249		$\gamma$
900	0.7502	0.0	0.1478	0.0	0.0442	0.0405	0.0	0.0	0.0172	0.0	0.0	0.0	0.0	0.0	0.0	0.0	3.622038		$\gamma$
1000	0.7502	0.0	0.1478	0.0	0.0442	0.0405	0.0	0.0	0.0172	0.0	0.0	0.0	0.0	0.0	0.0	0.0	3.629302		$\gamma$
1100	0.7529	0.0	0.1295	0.0	0.0418	0.0551	0.0	0.0	0.0207	0.0	0.0	0.0	0.0	0.0	0.0	0.0	3.637571		$\gamma$
25	0.5619	0.16219999999999998	0.1597	0.0263	0.0556	0.0269	0.0	0.0	0.0075	0.0	0.0	0.0	0.0	0.0	0.0	0.0	3.586356		$\gamma$
300	0.5619	0.16219999999999998	0.1597	0.0263	0.0556	0.0269	0.0	0.0	0.0075	0.0	0.0	0.0	0.0	0.0	0.0	0.0	3.599154		$\gamma$
500	0.5619	0.16219999999999998	0.1597	0.0263	0.0556	0.0269	0.0	0.0	0.0075	0.0	0.0	0.0	0.0	0.0	0.0	0.0	3.606869		$\gamma$
600	0.5619	0.16219999999999998	0.1597	0.0263	0.0556	0.0269	0.0	0.0	0.0075	0.0	0.0	0.0	0.0	0.0	0.0	0.0	3.611921		$\gamma$
700	0.5619	0.16219999999999998	0.1597	0.0263	0.0556	0.0269	0.0	0.0	0.0075	0.0	0.0	0.0	0.0	0.0	0.0	0.0	3.617234		$\gamma$
800	0.5619	0.16219999999999998	0.1597	0.0263	0.0556	0.0269	0.0	0.0	0.0075	0.0	0.0	0.0	0.0	0.0	0.0	0.0	3.623609		$\gamma$
900	0.5807	0.1497	0.1474	0.0255	0.0551	0.0331	0.0	0.0	0.0084	0.0	0.0	0.0	0.0	0.0	0.0	0.0	3.631122		$\gamma$
1000	0.6092	0.1293	0.1257	0.0237	0.0539	0.0479	0.0	0.0	0.0103	0.0	0.0	0.0	0.0	0.0	0.0	0.0	3.637528		$\gamma$
1100	0.6294	0.1131	0.106	0.0213	0.0519	0.0658	0.0	0.0	0.0126	0.0	0.0	0.0	0.0	0.0	0.0	0.0	3.644086		$\gamma$
25	0.5858	0.1473	0.15869999999999998	0.0	0.047400000000000005	0.0328	0.0	0.0	0.0074	0.0	0.0206	0.0	0.0	0.0	0.0	0.0	3.582531		$\gamma$
300	0.5858	0.1473	0.15869999999999998	0.0	0.047400000000000005	0.0328	0.0	0.0	0.0074	0.0	0.0206	0.0	0.0	0.0	0.0	0.0	3.594563		$\gamma$
500	0.5858	0.1473	0.15869999999999998	0.0	0.047400000000000005	0.0328	0.0	0.0	0.0074	0.0	0.0206	0.0	0.0	0.0	0.0	0.0	3.602294		$\gamma$
600	0.5858	0.1473	0.15869999999999998	0.0	0.047400000000000005	0.0328	0.0	0.0	0.0074	0.0	0.0206	0.0	0.0	0.0	0.0	0.0	3.606952		$\gamma$
700	0.5858	0.1473	0.15869999999999998	0.0	0.047400000000000005	0.0328	0.0	0.0	0.0074	0.0	0.0206	0.0	0.0	0.0	0.0	0.0	3.611648		$\gamma$
800	0.5858	0.1473	0.15869999999999998	0.0	0.047400000000000005	0.0328	0.0	0.0	0.0074	0.0	0.0206	0.0	0.0	0.0	0.0	0.0	3.61761		$\gamma$
900	0.5995	0.1371	0.1481	0.0	0.0471	0.0401	0.0	0.0	0.0083	0.0	0.0197	0.0	0.0	0.0	0.0	0.0	3.624298000000001		$\gamma$
1000	0.6259	0.1182	0.1247	0.0	0.045700000000000005	0.057999999999999996	0.0	0.0	0.0103	0.0	0.0172	0.0	0.0	0.0	0.0	0.0	3.632928		$\gamma$
1100	0.6423000000000001	0.1036	0.1042	0.0	0.0435	0.0789	0.0	0.0	0.0129	0.0	0.0145	0.0	0.0	0.0	0.0	0.0	3.641184		$\gamma$
25	0.6305	0.0	0.26530000000000004	0.0653	0.0	0.0296	0.004699999999999999	0.0039	0.0008	0.0	0.0	0.0	0.0	0.0	0.0	0.0	3.5922080000000003		$\gamma$
300	0.6305	0.0	0.26530000000000004	0.0653	0.0	0.0296	0.004699999999999999	0.0039	0.0008	0.0	0.0	0.0	0.0	0.0	0.0	0.0	3.603141		$\gamma$
500	0.6305	0.0	0.26530000000000004	0.0653	0.0	0.0296	0.004699999999999999	0.0039	0.0008	0.0	0.0	0.0	0.0	0.0	0.0	0.0	3.611706		$\gamma$
600	0.6305	0.0	0.26530000000000004	0.0653	0.0	0.0296	0.004699999999999999	0.0039	0.0008	0.0	0.0	0.0	0.0	0.0	0.0	0.0	3.616453		$\gamma$
700	0.6305	0.0	0.26530000000000004	0.0653	0.0	0.0296	0.004699999999999999	0.0039	0.0008	0.0	0.0	0.0	0.0	0.0	0.0	0.0	3.621355		$\gamma$
800	0.6305	0.0	0.26530000000000004	0.0653	0.0	0.0296	0.004699999999999999	0.0039	0.0008	0.0	0.0	0.0	0.0	0.0	0.0	0.0	3.627269		$\gamma$
900	0.6397999999999999	0.0	0.24850000000000005	0.0635	0.0	0.0361	0.0064	0.004699999999999999	0.0009	0.0	0.0	0.0	0.0	0.0	0.0	0.0	3.640297		$\gamma$
1000	0.6622	0.0	0.2092	0.0573	0.0	0.0524	0.0111	0.0067	0.0011	0.0	0.0	0.0	0.0	0.0	0.0	0.0	3.642686		$\gamma$
25	0.6951	0.0	0.1863	0.0762	0.0	0.0355	0.002	0.0049	0.0	0.0	0.0	0.0	0.0	0.0	0.0	0.0	3.5851660000000005		$\gamma$
300	0.6951	0.0	0.1863	0.0762	0.0	0.0355	0.002	0.0049	0.0	0.0	0.0	0.0	0.0	0.0	0.0	0.0	3.596972		$\gamma$
500	0.6951	0.0	0.1863	0.0762	0.0	0.0355	0.002	0.0049	0.0	0.0	0.0	0.0	0.0	0.0	0.0	0.0	3.605702		$\gamma$
700	0.6951	0.0	0.1863	0.0762	0.0	0.0355	0.002	0.0049	0.0	0.0	0.0	0.0	0.0	0.0	0.0	0.0	3.615439		$\gamma$
800	0.6951	0.0	0.1863	0.0762	0.0	0.0355	0.002	0.0049	0.0	0.0	0.0	0.0	0.0	0.0	0.0	0.0	3.621655000000001		$\gamma$
900	0.6998000000000001	0.0	0.174	0.0741	0.0	0.0435	0.0027	0.0059	0.0	0.0	0.0	0.0	0.0	0.0	0.0	0.0	3.628028		$\gamma$
1000	0.7132	0.0	0.14400000000000002	0.066	0.0	0.0635	0.0048	0.0085	0.0	0.0	0.0	0.0	0.0	0.0	0.0	0.0	3.634692		$\gamma$
1100	0.7226	0.0	0.1144	0.0547	0.0	0.0891	0.0077	0.0115	0.0	0.0	0.0	0.0	0.0	0.0	0.0	0.0	3.638894		$\gamma$
25	0.6804000000000001	0.0	0.184	0.0953	0.0	0.0329	0.0	0.0	0.0074	0.0	0.0	0.0	0.0	0.0	0.0	0.0	3.593427		$\gamma$
300	0.6804000000000001	0.0	0.184	0.0953	0.0	0.0329	0.0	0.0	0.0074	0.0	0.0	0.0	0.0	0.0	0.0	0.0	3.605732		$\gamma$
500	0.6804000000000001	0.0	0.184	0.0953	0.0	0.0329	0.0	0.0	0.0074	0.0	0.0	0.0	0.0	0.0	0.0	0.0	3.614403		$\gamma$
600	0.6804000000000001	0.0	0.184	0.0953	0.0	0.0329	0.0	0.0	0.0074	0.0	0.0	0.0	0.0	0.0	0.0	0.0	3.619285		$\gamma$
700	0.6804000000000001	0.0	0.184	0.0953	0.0	0.0329	0.0	0.0	0.0074	0.0	0.0	0.0	0.0	0.0	0.0	0.0	3.624057		$\gamma$
800	0.6804000000000001	0.0	0.184	0.0953	0.0	0.0329	0.0	0.0	0.0074	0.0	0.0	0.0	0.0	0.0	0.0	0.0	3.629658		$\gamma$
900	0.6887000000000001	0.0	0.17010000000000006	0.0925	0.0	0.0405	0.0	0.0	0.008199999999999999	0.0	0.0	0.0	0.0	0.0	0.0	0.0	3.637649		$\gamma$
1000	0.7025	0.0	0.1439	0.0849	0.0	0.0585	0.0	0.0	0.0102	0.0	0.0	0.0	0.0	0.0	0.0	0.0	3.644367		$\gamma$
1100	0.7121999999999999	0.0	0.1202	0.0747	0.0	0.0802	0.0	0.0	0.0127	0.0	0.0	0.0	0.0	0.0	0.0	0.0	3.647359		$\gamma$
25	0.7143	0.0	0.1335	0.1085	0.0	0.0384	0.0	0.0	0.0051	0.0002	0.0	0.0	0.0	0.0	0.0	0.0	3.590816		$\gamma$
300	0.7143	0.0	0.1335	0.1085	0.0	0.0384	0.0	0.0	0.0051	0.0002	0.0	0.0	0.0	0.0	0.0	0.0	3.603706		$\gamma$
500	0.7143	0.0	0.1335	0.1085	0.0	0.0384	0.0	0.0	0.0051	0.0002	0.0	0.0	0.0	0.0	0.0	0.0	3.611726		$\gamma$
600	0.7143	0.0	0.1335	0.1085	0.0	0.0384	0.0	0.0	0.0051	0.0002	0.0	0.0	0.0	0.0	0.0	0.0	3.616632		$\gamma$
700	0.7143	0.0	0.1335	0.1085	0.0	0.0384	0.0	0.0	0.0051	0.0002	0.0	0.0	0.0	0.0	0.0	0.0	3.621658		$\gamma$
800	0.7143	0.0	0.1335	0.1085	0.0	0.0384	0.0	0.0	0.0051	0.0002	0.0	0.0	0.0	0.0	0.0	0.0	3.627904		$\gamma$
900	0.7208	0.0	0.1217	0.1039	0.0	0.04769999999999999	0.0	0.0	0.0058	0.0002	0.0	0.0	0.0	0.0	0.0	0.0	3.634027		$\gamma$
1000	0.7304999999999999	0.0	0.0998	0.09210000000000004	0.0	0.0699	0.0	0.0	0.0074	0.0003	0.0	0.0	0.0	0.0	0.0	0.0	3.639476		$\gamma$
1100	0.7342	0.0	0.0815	0.0782	0.0	0.096	0.0	0.0	0.0097	0.0004	0.0	0.0	0.0	0.0	0.0	0.0	3.642805		$\gamma$
25	0.5882999999999999	0.1243	0.147	0.0955	0.0	0.0374	0.0	0.0	0.0075	0.0	0.0	0.0	0.0	0.0	0.0	0.0	3.5813330000000003		$\gamma$
300	0.5882999999999999	0.1243	0.147	0.0955	0.0	0.0374	0.0	0.0	0.0075	0.0	0.0	0.0	0.0	0.0	0.0	0.0	3.592781		$\gamma$
500	0.5882999999999999	0.1243	0.147	0.0955	0.0	0.0374	0.0	0.0	0.0075	0.0	0.0	0.0	0.0	0.0	0.0	0.0	3.602603		$\gamma$
600	0.5882999999999999	0.1243	0.147	0.0955	0.0	0.0374	0.0	0.0	0.0075	0.0	0.0	0.0	0.0	0.0	0.0	0.0	3.606834		$\gamma$
700	0.5882999999999999	0.1243	0.147	0.0955	0.0	0.0374	0.0	0.0	0.0075	0.0	0.0	0.0	0.0	0.0	0.0	0.0	3.612032		$\gamma$
800	0.5882999999999999	0.1243	0.147	0.0955	0.0	0.0374	0.0	0.0	0.0075	0.0	0.0	0.0	0.0	0.0	0.0	0.0	3.621038		$\gamma$
900	0.6024	0.115	0.1359	0.0926	0.0	0.0458	0.0	0.0	0.0083	0.0	0.0	0.0	0.0	0.0	0.0	0.0	3.627601		$\gamma$
1000	0.6313	0.0971	0.1118	0.0828	0.0	0.0665	0.0	0.0	0.0105	0.0	0.0	0.0	0.0	0.0	0.0	0.0	3.635669		$\gamma$
25	1.0	0.0	0.0	0.0	0.0	0.0	0.0	0.0	0.0	0.0	0.0	0.0	0.0	0.0	0.0	0.0	3.5168		$\gamma$
25	1.0	0.0	0.0	0.0	0.0	0.0	0.0	0.0	0.0	0.0	0.0	0.0	0.0	0.0	0.0	0.0	3.5273		$\gamma$
25	1.0	0.0	0.0	0.0	0.0	0.0	0.0	0.0	0.0	0.0	0.0	0.0	0.0	0.0	0.0	0.0	3.5169		$\gamma$
25	1.0	0.0	0.0	0.0	0.0	0.0	0.0	0.0	0.0	0.0	0.0	0.0	0.0	0.0	0.0	0.0	3.519		$\gamma$
25	1.0	0.0	0.0	0.0	0.0	0.0	0.0	0.0	0.0	0.0	0.0	0.0	0.0	0.0	0.0	0.0	3.519		$\gamma$
25	1.0	0.0	0.0	0.0	0.0	0.0	0.0	0.0	0.0	0.0	0.0	0.0	0.0	0.0	0.0	0.0	3.5168		$\gamma$
25	1.0	0.0	0.0	0.0	0.0	0.0	0.0	0.0	0.0	0.0	0.0	0.0	0.0	0.0	0.0	0.0	3.5242		$\gamma$
25	1.0	0.0	0.0	0.0	0.0	0.0	0.0	0.0	0.0	0.0	0.0	0.0	0.0	0.0	0.0	0.0	3.5241		$\gamma$
25	1.0	0.0	0.0	0.0	0.0	0.0	0.0	0.0	0.0	0.0	0.0	0.0	0.0	0.0	0.0	0.0	3.5246		$\gamma$
25	0.902	0.0	0.098	0.0	0.0	0.0	0.0	0.0	0.0	0.0	0.0	0.0	0.0	0.0	0.0	0.0	3.5273	3.5273	$\gamma$ and $\gamma'$
25	0.902	0.0	0.098	0.0	0.0	0.0	0.0	0.0	0.0	0.0	0.0	0.0	0.0	0.0	0.0	0.0	3.5322	3.5273	$\gamma$ and $\gamma'$
25	0.9	0.0	0.049	0.0	0.0	0.051	0.0	0.0	0.0	0.0	0.0	0.0	0.0	0.0	0.0	0.0	3.5302	3.5302	$\gamma$ and $\gamma'$
25	0.848	0.0	0.152	0.0	0.0	0.0	0.0	0.0	0.0	0.0	0.0	0.0	0.0	0.0	0.0	0.0	3.5315	3.5315	$\gamma$ and $\gamma'$
25	0.848	0.0	0.152	0.0	0.0	0.0	0.0	0.0	0.0	0.0	0.0	0.0	0.0	0.0	0.0	0.0	3.5387	3.5315	$\gamma$ and $\gamma'$
25	0.851	0.0	0.122	0.0	0.0	0.027000000000000003	0.0	0.0	0.0	0.0	0.0	0.0	0.0	0.0	0.0	0.0	3.5314	3.5314	$\gamma$ and $\gamma'$
25	0.8490000000000001	0.0	0.099	0.0	0.0	0.052000000000000005	0.0	0.0	0.0	0.0	0.0	0.0	0.0	0.0	0.0	0.0	3.5342	3.5342	$\gamma$ and $\gamma'$
25	0.828	0.0	0.096	0.0	0.0	0.076	0.0	0.0	0.0	0.0	0.0	0.0	0.0	0.0	0.0	0.0	3.5388	3.5388	$\gamma$ and $\gamma'$
25	0.802	0.0	0.198	0.0	0.0	0.0	0.0	0.0	0.0	0.0	0.0	0.0	0.0	0.0	0.0	0.0	3.5374	3.5374	$\gamma$ and $\gamma'$
25	0.802	0.0	0.198	0.0	0.0	0.0	0.0	0.0	0.0	0.0	0.0	0.0	0.0	0.0	0.0	0.0	3.5449	3.5374	$\gamma$ and $\gamma'$
25	0.799	0.0	0.14800000000000002	0.0	0.0	0.053	0.0	0.0	0.0	0.0	0.0	0.0	0.0	0.0	0.0	0.0	3.5412	3.5412	$\gamma$ and $\gamma'$
25	0.7509999999999999	0.0	0.249	0.0	0.0	0.0	0.0	0.0	0.0	0.0	0.0	0.0	0.0	0.0	0.0	0.0	3.5441	3.5441	$\gamma$ and $\gamma'$
25	0.746	0.0	0.22399999999999998	0.0	0.0	0.03	0.0	0.0	0.0	0.0	0.0	0.0	0.0	0.0	0.0	0.0	3.5442	3.5442	$\gamma$ and $\gamma'$
25	0.7490000000000001	0.0	0.198	0.0	0.0	0.053	0.0	0.0	0.0	0.0	0.0	0.0	0.0	0.0	0.0	0.0	3.5471	3.5471	$\gamma$ and $\gamma'$
25	0.7020000000000001	0.0	0.298	0.0	0.0	0.0	0.0	0.0	0.0	0.0	0.0	0.0	0.0	0.0	0.0	0.0	3.5509	3.5509	$\gamma$ and $\gamma'$
25	0.6990000000000001	0.0	0.27399999999999997	0.0	0.0	0.027000000000000003	0.0	0.0	0.0	0.0	0.0	0.0	0.0	0.0	0.0	0.0	3.5519	3.5519	$\gamma$ and $\gamma'$
25	0.6990000000000001	0.0	0.247	0.0	0.0	0.054000000000000006	0.0	0.0	0.0	0.0	0.0	0.0	0.0	0.0	0.0	0.0	3.5533	3.5533	$\gamma$ and $\gamma'$
25	0.652	0.0	0.348	0.0	0.0	0.0	0.0	0.0	0.0	0.0	0.0	0.0	0.0	0.0	0.0	0.0	3.5582	3.5582	$\gamma$ and $\gamma'$
25	0.647	0.0	0.325	0.0	0.0	0.027999999999999997	0.0	0.0	0.0	0.0	0.0	0.0	0.0	0.0	0.0	0.0	3.5569	3.5569	$\gamma$ and $\gamma'$
25	0.649	0.0	0.293	0.0	0.0	0.057999999999999996	0.0	0.0	0.0	0.0	0.0	0.0	0.0	0.0	0.0	0.0	3.5582	3.5582	$\gamma$ and $\gamma'$
25	0.8	0.0	0.0	0.0	0.0	0.05	0.0	0.0	0.0	0.0	0.0	0.0	0.15	0.0	0.0	0.0	3.5428	3.5428	$\gamma$ and $\gamma'$
25	0.75	0.0	0.0	0.0	0.0	0.025	0.0	0.0	0.0	0.0	0.0	0.0	0.225	0.0	0.0	0.0	3.5469	3.5469	$\gamma$ and $\gamma'$
25	0.6	0.0	0.0	0.0	0.0	0.05	0.0	0.0	0.0	0.0	0.0	0.0	0.35	0.0	0.0	0.0	3.57	3.57	$\gamma$ and $\gamma'$
25	0.951	0.0	0.0	0.0	0.0	0.049	0.0	0.0	0.0	0.0	0.0	0.0	0.0	0.0	0.0	0.0	3.5257		$\gamma$
25	0.925	0.0	0.0	0.0	0.0	0.075	0.0	0.0	0.0	0.0	0.0	0.0	0.0	0.0	0.0	0.0	3.5309		$\gamma$
25	0.889	0.0	0.0	0.0	0.0	0.111	0.0	0.0	0.0	0.0	0.0	0.0	0.0	0.0	0.0	0.0	3.5367		$\gamma$
25	0.879	0.0	0.0	0.0	0.0	0.121	0.0	0.0	0.0	0.0	0.0	0.0	0.0	0.0	0.0	0.0	3.5383		$\gamma$
25	0.8759999999999999	0.0	0.0	0.0	0.0	0.124	0.0	0.0	0.0	0.0	0.0	0.0	0.0	0.0	0.0	0.0	3.5405		$\gamma$
25	0.86	0.0	0.0	0.0	0.0	0.14	0.0	0.0	0.0	0.0	0.0	0.0	0.0	0.0	0.0	0.0	3.5433		$\gamma$
25	0.846	0.0	0.0	0.0	0.0	0.154	0.0	0.0	0.0	0.0	0.0	0.0	0.0	0.0	0.0	0.0	3.5385		$\gamma$
20	0.941	0.0	0.0	0.0	0.0	0.059000000000000004	0.0	0.0	0.0	0.0	0.0	0.0	0.0	0.0	0.0	0.0	3.526		$\gamma$
200	0.941	0.0	0.0	0.0	0.0	0.059000000000000004	0.0	0.0	0.0	0.0	0.0	0.0	0.0	0.0	0.0	0.0	3.535		$\gamma$
350	0.941	0.0	0.0	0.0	0.0	0.059000000000000004	0.0	0.0	0.0	0.0	0.0	0.0	0.0	0.0	0.0	0.0	3.542		$\gamma$
500	0.941	0.0	0.0	0.0	0.0	0.059000000000000004	0.0	0.0	0.0	0.0	0.0	0.0	0.0	0.0	0.0	0.0	3.55		$\gamma$
20	0.8759999999999999	0.0	0.0	0.0	0.0	0.124	0.0	0.0	0.0	0.0	0.0	0.0	0.0	0.0	0.0	0.0	3.537		$\gamma$
200	0.8759999999999999	0.0	0.0	0.0	0.0	0.124	0.0	0.0	0.0	0.0	0.0	0.0	0.0	0.0	0.0	0.0	3.5460000000000003		$\gamma$
350	0.8759999999999999	0.0	0.0	0.0	0.0	0.124	0.0	0.0	0.0	0.0	0.0	0.0	0.0	0.0	0.0	0.0	3.553		$\gamma$
500	0.8759999999999999	0.0	0.0	0.0	0.0	0.124	0.0	0.0	0.0	0.0	0.0	0.0	0.0	0.0	0.0	0.0	3.5610000000000004		$\gamma$
25	0.823	0.0	0.0	0.0	0.0	0.0	0.0	0.0	0.0	0.0	0.0	0.0	0.0	0.0	0.145	0.032	3.552		$\gamma$
25	0.825	0.0	0.0	0.0	0.0	0.0	0.0	0.0	0.0	0.0	0.0	0.0	0.0	0.0	0.145	0.03	3.552		$\gamma$
25	0.833	0.0	0.0	0.0	0.0	0.0	0.0	0.0	0.0	0.0	0.0	0.0	0.0	0.0	0.147	0.02	3.543		$\gamma$
25	0.836	0.0	0.0	0.0	0.0	0.0	0.0	0.0	0.0	0.0	0.0	0.0	0.0	0.0	0.14800000000000002	0.016	3.542		$\gamma$
25	0.841	0.0	0.0	0.0	0.0	0.0	0.0	0.0	0.0	0.0	0.0	0.0	0.0	0.0	0.149	0.01	3.535		$\gamma$
25	0.847	0.0	0.0	0.0	0.0	0.0	0.0	0.0	0.0	0.0	0.0	0.0	0.0	0.0	0.15	0.003	3.531		$\gamma$
25	0.9520000000000001	0.0	0.0	0.0	0.0	0.0	0.0	0.0	0.0	0.0	0.0	0.0	0.0	0.0	0.024	0.024	3.536		$\gamma$
25	0.9520000000000001	0.0	0.0	0.0	0.0	0.0	0.0	0.0	0.0	0.0	0.0	0.0	0.0	0.0	0.0	0.048	3.577		$\gamma$
25	0.973	0.0	0.0	0.0	0.0	0.0	0.0	0.0	0.0	0.0	0.0	0.0	0.0	0.0	0.012	0.015	3.53		$\gamma$
25	0.99	0.0	0.0	0.0	0.0	0.0	0.0	0.0	0.0	0.0	0.0	0.0	0.0	0.0	0.005	0.005	3.5210000000000004		$\gamma$
25	0.993	0.0	0.0	0.0	0.0	0.0	0.0	0.0	0.0	0.0	0.0	0.0	0.0	0.0	0.0	0.006999999999999999	3.532		$\gamma$
25	0.9888	0.0	0.0	0.0	0.0	0.0	0.0	0.0	0.0	0.0	0.0	0.0	0.0	0.0	0.0	0.011200000000000002	3.5410000000000004		$\gamma$
25	0.9828	0.0	0.0	0.0	0.0	0.0	0.0	0.0	0.0	0.0	0.0	0.0	0.0	0.0	0.0	0.0172	3.554		$\gamma$
25	0.968	0.0	0.0	0.0	0.0	0.0	0.0	0.0	0.0	0.0	0.0	0.0	0.0	0.0	0.0	0.032	3.557		$\gamma$
25	0.9329999999999999	0.0	0.0	0.0	0.0	0.0	0.0	0.0	0.0	0.0	0.0	0.0	0.0	0.0	0.0	0.067	3.592		$\gamma$
25	0.9996	0.0004	0.0	0.0	0.0	0.0	0.0	0.0	0.0	0.0	0.0	0.0	0.0	0.0	0.0	0.0	3.5169		$\gamma$
25	0.902	0.098	0.0	0.0	0.0	0.0	0.0	0.0	0.0	0.0	0.0	0.0	0.0	0.0	0.0	0.0	3.5184		$\gamma$
25	0.805	0.195	0.0	0.0	0.0	0.0	0.0	0.0	0.0	0.0	0.0	0.0	0.0	0.0	0.0	0.0	3.5201		$\gamma$
25	0.752	0.248	0.0	0.0	0.0	0.0	0.0	0.0	0.0	0.0	0.0	0.0	0.0	0.0	0.0	0.0	3.5215		$\gamma$
25	0.7440000000000001	0.256	0.0	0.0	0.0	0.0	0.0	0.0	0.0	0.0	0.0	0.0	0.0	0.0	0.0	0.0	3.5221		$\gamma$
25	0.71	0.29	0.0	0.0	0.0	0.0	0.0	0.0	0.0	0.0	0.0	0.0	0.0	0.0	0.0	0.0	3.5233		$\gamma$
25	0.624	0.376	0.0	0.0	0.0	0.0	0.0	0.0	0.0	0.0	0.0	0.0	0.0	0.0	0.0	0.0	3.5249		$\gamma$
25	0.507	0.493	0.0	0.0	0.0	0.0	0.0	0.0	0.0	0.0	0.0	0.0	0.0	0.0	0.0	0.0	3.5266		$\gamma$
25	0.493	0.507	0.0	0.0	0.0	0.0	0.0	0.0	0.0	0.0	0.0	0.0	0.0	0.0	0.0	0.0	3.5274		$\gamma$
25	0.41100000000000003	0.589	0.0	0.0	0.0	0.0	0.0	0.0	0.0	0.0	0.0	0.0	0.0	0.0	0.0	0.0	3.5286		$\gamma$
25	0.311	0.6890000000000001	0.0	0.0	0.0	0.0	0.0	0.0	0.0	0.0	0.0	0.0	0.0	0.0	0.0	0.0	3.5306		$\gamma$
20	0.8959999999999999	0.10400000000000001	0.0	0.0	0.0	0.0	0.0	0.0	0.0	0.0	0.0	0.0	0.0	0.0	0.0	0.0	3.518		$\gamma$
200	0.8959999999999999	0.10400000000000001	0.0	0.0	0.0	0.0	0.0	0.0	0.0	0.0	0.0	0.0	0.0	0.0	0.0	0.0	3.528		$\gamma$
350	0.8959999999999999	0.10400000000000001	0.0	0.0	0.0	0.0	0.0	0.0	0.0	0.0	0.0	0.0	0.0	0.0	0.0	0.0	3.536		$\gamma$
500	0.8959999999999999	0.10400000000000001	0.0	0.0	0.0	0.0	0.0	0.0	0.0	0.0	0.0	0.0	0.0	0.0	0.0	0.0	3.544		$\gamma$
25	0.7349	0.0	0.0	0.2651	0.0	0.0	0.0	0.0	0.0	0.0	0.0	0.0	0.0	0.0	0.0	0.0	3.6424		$\gamma$
25	0.7038	0.0	0.0643	0.2319	0.0	0.0	0.0	0.0	0.0	0.0	0.0	0.0	0.0	0.0	0.0	0.0	3.6349		$\gamma$
25	0.5932999999999999	0.0	0.2978	0.109	0.0	0.0	0.0	0.0	0.0	0.0	0.0	0.0	0.0	0.0	0.0	0.0	3.6235		$\gamma$
25	0.9658	0.0	0.0342	0.0	0.0	0.0	0.0	0.0	0.0	0.0	0.0	0.0	0.0	0.0	0.0	0.0	3.5194		$\gamma$
25	0.9489	0.0	0.051100000000000007	0.0	0.0	0.0	0.0	0.0	0.0	0.0	0.0	0.0	0.0	0.0	0.0	0.0	3.5221		$\gamma$
25	0.9137	0.0	0.0863	0.0	0.0	0.0	0.0	0.0	0.0	0.0	0.0	0.0	0.0	0.0	0.0	0.0	3.5252		$\gamma$
25	0.9005	0.0	0.0995	0.0	0.0	0.0	0.0	0.0	0.0	0.0	0.0	0.0	0.0	0.0	0.0	0.0	3.5272		$\gamma$
25	0.8771	0.0	0.1229	0.0	0.0	0.0	0.0	0.0	0.0	0.0	0.0	0.0	0.0	0.0	0.0	0.0	3.5292		$\gamma$
25	0.8103	0.0	0.1897	0.0	0.0	0.0	0.0	0.0	0.0	0.0	0.0	0.0	0.0	0.0	0.0	0.0	3.5365		$\gamma$
20	1.0	0.0	0.0	0.0	0.0	0.0	0.0	0.0	0.0	0.0	0.0	0.0	0.0	0.0	0.0	0.0	3.524		$\gamma$
20	1.0	0.0	0.0	0.0	0.0	0.0	0.0	0.0	0.0	0.0	0.0	0.0	0.0	0.0	0.0	0.0	3.524		$\gamma$
200	1.0	0.0	0.0	0.0	0.0	0.0	0.0	0.0	0.0	0.0	0.0	0.0	0.0	0.0	0.0	0.0	3.536		$\gamma$
200	1.0	0.0	0.0	0.0	0.0	0.0	0.0	0.0	0.0	0.0	0.0	0.0	0.0	0.0	0.0	0.0	3.5264		$\gamma$
350	1.0	0.0	0.0	0.0	0.0	0.0	0.0	0.0	0.0	0.0	0.0	0.0	0.0	0.0	0.0	0.0	3.545		$\gamma$
500	1.0	0.0	0.0	0.0	0.0	0.0	0.0	0.0	0.0	0.0	0.0	0.0	0.0	0.0	0.0	0.0	3.554		$\gamma$
500	1.0	0.0	0.0	0.0	0.0	0.0	0.0	0.0	0.0	0.0	0.0	0.0	0.0	0.0	0.0	0.0	3.5446		$\gamma$
20	0.895	0.0	0.105	0.0	0.0	0.0	0.0	0.0	0.0	0.0	0.0	0.0	0.0	0.0	0.0	0.0	3.539		$\gamma$
200	0.895	0.0	0.105	0.0	0.0	0.0	0.0	0.0	0.0	0.0	0.0	0.0	0.0	0.0	0.0	0.0	3.551		$\gamma$
350	0.895	0.0	0.105	0.0	0.0	0.0	0.0	0.0	0.0	0.0	0.0	0.0	0.0	0.0	0.0	0.0	3.56		$\gamma$
500	0.895	0.0	0.105	0.0	0.0	0.0	0.0	0.0	0.0	0.0	0.0	0.0	0.0	0.0	0.0	0.0	3.568		$\gamma$
25	0.7764	0.0	0.0	0.0	0.0	0.0	0.0	0.0	0.0	0.0	0.0	0.0	0.1118	0.0	0.1118	0.0	3.5376		$\gamma$
18	0.6759000000000001	0.0	0.0	0.0	0.0	0.0	0.0	0.0	0.0	0.0	0.0	0.0	0.0	0.0	0.32409999999999994	0.0	3.5426		$\gamma$
18	0.764	0.0	0.0	0.0	0.0	0.0	0.0	0.0	0.0	0.0	0.0	0.0	0.0	0.0	0.23600000000000002	0.0	3.536		$\gamma$
18	0.8887999999999999	0.0	0.0	0.0	0.0	0.0	0.0	0.0	0.0	0.0	0.0	0.0	0.0	0.0	0.1112	0.0	3.5258		$\gamma$
18	1.0	0.0	0.0	0.0	0.0	0.0	0.0	0.0	0.0	0.0	0.0	0.0	0.0	0.0	0.0	0.0	3.5166		$\gamma$
25	0.6743000000000001	0.0	0.0	0.2064	0.0	0.0	0.0	0.0	0.0	0.0	0.0	0.0	0.1193	0.0	0.0	0.0	3.613		$\gamma$
25	0.9790000000000001	0.0	0.0	0.0	0.0	0.0	0.0	0.0	0.0	0.0	0.0	0.0	0.021	0.0	0.0	0.0	3.5195		$\gamma$
25	0.963	0.0	0.0	0.0	0.0	0.0	0.0	0.0	0.0	0.0	0.0	0.0	0.037000000000000005	0.0	0.0	0.0	3.5215		$\gamma$
25	0.948	0.0	0.0	0.0	0.0	0.0	0.0	0.0	0.0	0.0	0.0	0.0	0.052000000000000005	0.0	0.0	0.0	3.5232		$\gamma$
25	0.925	0.0	0.0	0.0	0.0	0.0	0.0	0.0	0.0	0.0	0.0	0.0	0.075	0.0	0.0	0.0	3.5255		$\gamma$
25	0.905	0.0	0.0	0.0	0.0	0.0	0.0	0.0	0.0	0.0	0.0	0.0	0.095	0.0	0.0	0.0	3.5284		$\gamma$
25	0.8959999999999999	0.0	0.0	0.0	0.0	0.0	0.0	0.0	0.0	0.0	0.0	0.0	0.10400000000000001	0.0	0.0	0.0	3.5293		$\gamma$
25	0.867	0.0	0.0	0.0	0.0	0.0	0.0	0.0	0.0	0.0	0.0	0.0	0.133	0.0	0.0	0.0	3.5322		$\gamma$
25	0.8440000000000001	0.0	0.0	0.0	0.0	0.0	0.0	0.0	0.0	0.0	0.0	0.0	0.156	0.0	0.0	0.0	3.5354		$\gamma$
25	0.828	0.0	0.0	0.0	0.0	0.0	0.0	0.0	0.0	0.0	0.0	0.0	0.172	0.0	0.0	0.0	3.5367		$\gamma$
25	0.813	0.0	0.0	0.0	0.0	0.0	0.0	0.0	0.0	0.0	0.0	0.0	0.187	0.0	0.0	0.0	3.5387		$\gamma$
25	0.802	0.0	0.0	0.0	0.0	0.0	0.0	0.0	0.0	0.0	0.0	0.0	0.198	0.0	0.0	0.0	3.5392		$\gamma$
15	1.0	0.0	0.0	0.0	0.0	0.0	0.0	0.0	0.0	0.0	0.0	0.0	0.0	0.0	0.0	0.0	3.5171		$\gamma$
100	1.0	0.0	0.0	0.0	0.0	0.0	0.0	0.0	0.0	0.0	0.0	0.0	0.0	0.0	0.0	0.0	3.5213		$\gamma$
300	1.0	0.0	0.0	0.0	0.0	0.0	0.0	0.0	0.0	0.0	0.0	0.0	0.0	0.0	0.0	0.0	3.5318		$\gamma$
400	1.0	0.0	0.0	0.0	0.0	0.0	0.0	0.0	0.0	0.0	0.0	0.0	0.0	0.0	0.0	0.0	3.5384		$\gamma$
600	1.0	0.0	0.0	0.0	0.0	0.0	0.0	0.0	0.0	0.0	0.0	0.0	0.0	0.0	0.0	0.0	3.5509		$\gamma$
15	0.966	0.0	0.0	0.0	0.0	0.0	0.0	0.0	0.0	0.0	0.0	0.0	0.034	0.0	0.0	0.0	3.5207		$\gamma$
100	0.966	0.0	0.0	0.0	0.0	0.0	0.0	0.0	0.0	0.0	0.0	0.0	0.034	0.0	0.0	0.0	3.5246		$\gamma$
200	0.966	0.0	0.0	0.0	0.0	0.0	0.0	0.0	0.0	0.0	0.0	0.0	0.034	0.0	0.0	0.0	3.5294		$\gamma$
300	0.966	0.0	0.0	0.0	0.0	0.0	0.0	0.0	0.0	0.0	0.0	0.0	0.034	0.0	0.0	0.0	3.5347		$\gamma$
400	0.966	0.0	0.0	0.0	0.0	0.0	0.0	0.0	0.0	0.0	0.0	0.0	0.034	0.0	0.0	0.0	3.5409		$\gamma$
500	0.966	0.0	0.0	0.0	0.0	0.0	0.0	0.0	0.0	0.0	0.0	0.0	0.034	0.0	0.0	0.0	3.5468		$\gamma$
600	0.966	0.0	0.0	0.0	0.0	0.0	0.0	0.0	0.0	0.0	0.0	0.0	0.034	0.0	0.0	0.0	3.5527		$\gamma$
15	0.938	0.0	0.0	0.0	0.0	0.0	0.0	0.0	0.0	0.0	0.0	0.0	0.062	0.0	0.0	0.0	3.5241		$\gamma$
100	0.938	0.0	0.0	0.0	0.0	0.0	0.0	0.0	0.0	0.0	0.0	0.0	0.062	0.0	0.0	0.0	3.528		$\gamma$
200	0.938	0.0	0.0	0.0	0.0	0.0	0.0	0.0	0.0	0.0	0.0	0.0	0.062	0.0	0.0	0.0	3.5329		$\gamma$
300	0.938	0.0	0.0	0.0	0.0	0.0	0.0	0.0	0.0	0.0	0.0	0.0	0.062	0.0	0.0	0.0	3.5382		$\gamma$
400	0.938	0.0	0.0	0.0	0.0	0.0	0.0	0.0	0.0	0.0	0.0	0.0	0.062	0.0	0.0	0.0	3.5444		$\gamma$
500	0.938	0.0	0.0	0.0	0.0	0.0	0.0	0.0	0.0	0.0	0.0	0.0	0.062	0.0	0.0	0.0	3.5504		$\gamma$
600	0.938	0.0	0.0	0.0	0.0	0.0	0.0	0.0	0.0	0.0	0.0	0.0	0.062	0.0	0.0	0.0	3.5562		$\gamma$
15	0.9079999999999999	0.0	0.0	0.0	0.0	0.0	0.0	0.0	0.0	0.0	0.0	0.0	0.092	0.0	0.0	0.0	3.5278		$\gamma$
100	0.9079999999999999	0.0	0.0	0.0	0.0	0.0	0.0	0.0	0.0	0.0	0.0	0.0	0.092	0.0	0.0	0.0	3.5317		$\gamma$
200	0.9079999999999999	0.0	0.0	0.0	0.0	0.0	0.0	0.0	0.0	0.0	0.0	0.0	0.092	0.0	0.0	0.0	3.5365		$\gamma$
300	0.9079999999999999	0.0	0.0	0.0	0.0	0.0	0.0	0.0	0.0	0.0	0.0	0.0	0.092	0.0	0.0	0.0	3.5418		$\gamma$
400	0.9079999999999999	0.0	0.0	0.0	0.0	0.0	0.0	0.0	0.0	0.0	0.0	0.0	0.092	0.0	0.0	0.0	3.5478		$\gamma$
500	0.9079999999999999	0.0	0.0	0.0	0.0	0.0	0.0	0.0	0.0	0.0	0.0	0.0	0.092	0.0	0.0	0.0	3.5544		$\gamma$
600	0.9079999999999999	0.0	0.0	0.0	0.0	0.0	0.0	0.0	0.0	0.0	0.0	0.0	0.092	0.0	0.0	0.0	3.5602		$\gamma$
15	0.8220000000000001	0.0	0.0	0.0	0.0	0.0	0.0	0.0	0.0	0.0	0.0	0.0	0.17800000000000002	0.0	0.0	0.0	3.5378		$\gamma$
100	0.8220000000000001	0.0	0.0	0.0	0.0	0.0	0.0	0.0	0.0	0.0	0.0	0.0	0.17800000000000002	0.0	0.0	0.0	3.5417		$\gamma$
200	0.8220000000000001	0.0	0.0	0.0	0.0	0.0	0.0	0.0	0.0	0.0	0.0	0.0	0.17800000000000002	0.0	0.0	0.0	3.5466		$\gamma$
300	0.8220000000000001	0.0	0.0	0.0	0.0	0.0	0.0	0.0	0.0	0.0	0.0	0.0	0.17800000000000002	0.0	0.0	0.0	3.5518		$\gamma$
400	0.8220000000000001	0.0	0.0	0.0	0.0	0.0	0.0	0.0	0.0	0.0	0.0	0.0	0.17800000000000002	0.0	0.0	0.0	3.5572		$\gamma$
500	0.8220000000000001	0.0	0.0	0.0	0.0	0.0	0.0	0.0	0.0	0.0	0.0	0.0	0.17800000000000002	0.0	0.0	0.0	3.563		$\gamma$
600	0.8220000000000001	0.0	0.0	0.0	0.0	0.0	0.0	0.0	0.0	0.0	0.0	0.0	0.17800000000000002	0.0	0.0	0.0	3.5691		$\gamma$
15	0.728	0.0	0.0	0.0	0.0	0.0	0.0	0.0	0.0	0.0	0.0	0.0	0.272	0.0	0.0	0.0	3.5492		$\gamma$
100	0.728	0.0	0.0	0.0	0.0	0.0	0.0	0.0	0.0	0.0	0.0	0.0	0.272	0.0	0.0	0.0	3.553		$\gamma$
200	0.728	0.0	0.0	0.0	0.0	0.0	0.0	0.0	0.0	0.0	0.0	0.0	0.272	0.0	0.0	0.0	3.5576		$\gamma$
300	0.728	0.0	0.0	0.0	0.0	0.0	0.0	0.0	0.0	0.0	0.0	0.0	0.272	0.0	0.0	0.0	3.5626		$\gamma$
400	0.728	0.0	0.0	0.0	0.0	0.0	0.0	0.0	0.0	0.0	0.0	0.0	0.272	0.0	0.0	0.0	3.5676		$\gamma$
500	0.728	0.0	0.0	0.0	0.0	0.0	0.0	0.0	0.0	0.0	0.0	0.0	0.272	0.0	0.0	0.0	3.573		$\gamma$
600	0.728	0.0	0.0	0.0	0.0	0.0	0.0	0.0	0.0	0.0	0.0	0.0	0.272	0.0	0.0	0.0	3.5787		$\gamma$
25	0.6354	0.0	0.0	0.0	0.0	0.0	0.0	0.0	0.0	0.0	0.0	0.0563	0.3083	0.0	0.0	0.0	3.565		$\gamma$
25	0.7369	0.0	0.0	0.0	0.0	0.0	0.0	0.0	0.0	0.0	0.0	0.0566	0.2065	0.0	0.0	0.0	3.55		$\gamma$
25	0.8393	0.0	0.0	0.0	0.0	0.0	0.0	0.0	0.0	0.0	0.0	0.05690000000000001	0.1038	0.0	0.0	0.0	3.534		$\gamma$
20	0.9834	0.0	0.0	0.0	0.0	0.0	0.0	0.0	0.0	0.0	0.0	0.0	0.0	0.0166	0.0	0.0	3.5187		$\gamma$
20	0.9679	0.0	0.0	0.0	0.0	0.0	0.0	0.0	0.0	0.0	0.0	0.0	0.0	0.0321	0.0	0.0	3.5211		$\gamma$
20	0.96	0.0	0.0	0.0	0.0	0.0	0.0	0.0	0.0	0.0	0.0	0.0	0.0	0.04	0.0	0.0	3.5242		$\gamma$
20	0.9388	0.0	0.0	0.0	0.0	0.0	0.0	0.0	0.0	0.0	0.0	0.0	0.0	0.0612	0.0	0.0	3.5262		$\gamma$
20	0.9384	0.0	0.0	0.0	0.0	0.0	0.0	0.0	0.0	0.0	0.0	0.0	0.0	0.0616	0.0	0.0	3.5263		$\gamma$
20	0.9204	0.0	0.0	0.0	0.0	0.0	0.0	0.0	0.0	0.0	0.0	0.0	0.0	0.0796	0.0	0.0	3.5316		$\gamma$
20	0.9069	0.0	0.0	0.0	0.0	0.0	0.0	0.0	0.0	0.0	0.0	0.0	0.0	0.0931	0.0	0.0	3.5345		$\gamma$
20	0.8872	0.0	0.0	0.0	0.0	0.0	0.0	0.0	0.0	0.0	0.0	0.0	0.0	0.1128	0.0	0.0	3.5408		$\gamma$
20	0.8835999999999999	0.0	0.0	0.0	0.0	0.0	0.0	0.0	0.0	0.0	0.0	0.0	0.0	0.1164	0.0	0.0	3.5408		$\gamma$
20	0.8547	0.0	0.0	0.0	0.0	0.0	0.0	0.0	0.0	0.0	0.0	0.0	0.0	0.14529999999999998	0.0	0.0	3.5474		$\gamma$
20	0.8428	0.0	0.0	0.0	0.0	0.0	0.0	0.0	0.0	0.0	0.0	0.0	0.0	0.1572	0.0	0.0	3.5521		$\gamma$
25	0.9877	0.0	0.0	0.0123	0.0	0.0	0.0	0.0	0.0	0.0	0.0	0.0	0.0	0.0	0.0	0.0	3.522		$\gamma$
25	0.9495	0.0	0.0	0.0505	0.0	0.0	0.0	0.0	0.0	0.0	0.0	0.0	0.0	0.0	0.0	0.0	3.539		$\gamma$
25	0.9025	0.0	0.0	0.0975	0.0	0.0	0.0	0.0	0.0	0.0	0.0	0.0	0.0	0.0	0.0	0.0	3.556		$\gamma$
25	0.8528	0.0	0.0	0.1472	0.0	0.0	0.0	0.0	0.0	0.0	0.0	0.0	0.0	0.0	0.0	0.0	3.575		$\gamma$
25	0.8528	0.0	0.0	0.1472	0.0	0.0	0.0	0.0	0.0	0.0	0.0	0.0	0.0	0.0	0.0	0.0	3.5853		$\gamma$
25	0.838	0.0	0.0	0.162	0.0	0.0	0.0	0.0	0.0	0.0	0.0	0.0	0.0	0.0	0.0	0.0	3.583		$\gamma$
25	0.838	0.0	0.0	0.162	0.0	0.0	0.0	0.0	0.0	0.0	0.0	0.0	0.0	0.0	0.0	0.0	3.5917		$\gamma$
25	0.823	0.0	0.0	0.177	0.0	0.0	0.0	0.0	0.0	0.0	0.0	0.0	0.0	0.0	0.0	0.0	3.59		$\gamma$
25	0.823	0.0	0.0	0.177	0.0	0.0	0.0	0.0	0.0	0.0	0.0	0.0	0.0	0.0	0.0	0.0	3.597		$\gamma$
25	0.8077	0.0	0.0	0.1923	0.0	0.0	0.0	0.0	0.0	0.0	0.0	0.0	0.0	0.0	0.0	0.0	3.596		$\gamma$
25	0.8077	0.0	0.0	0.1923	0.0	0.0	0.0	0.0	0.0	0.0	0.0	0.0	0.0	0.0	0.0	0.0	3.6042		$\gamma$
25	0.7922	0.0	0.0	0.2078	0.0	0.0	0.0	0.0	0.0	0.0	0.0	0.0	0.0	0.0	0.0	0.0	3.603		$\gamma$
25	0.7922	0.0	0.0	0.2078	0.0	0.0	0.0	0.0	0.0	0.0	0.0	0.0	0.0	0.0	0.0	0.0	3.6105		$\gamma$
25	0.8815000000000001	0.0	0.0	0.1185	0.0	0.0	0.0	0.0	0.0	0.0	0.0	0.0	0.0	0.0	0.0	0.0	3.5724		$\gamma$
25	0.8673000000000001	0.0	0.0	0.13269999999999998	0.0	0.0	0.0	0.0	0.0	0.0	0.0	0.0	0.0	0.0	0.0	0.0	3.5793		$\gamma$
25	0.8	0.0	0.0	0.2	0.0	0.0	0.0	0.0	0.0	0.0	0.0	0.0	0.0	0.0	0.0	0.0	3.608		$\gamma$
25	0.7764	0.0	0.0	0.2236	0.0	0.0	0.0	0.0	0.0	0.0	0.0	0.0	0.0	0.0	0.0	0.0	3.618		$\gamma$
25	0.968	0.0	0.0	0.0	0.0	0.0	0.0	0.032	0.0	0.0	0.0	0.0	0.0	0.0	0.0	0.0	3.5380000000000003		$\gamma$
25	0.9209999999999999	0.0	0.0	0.0	0.0	0.0	0.0	0.079	0.0	0.0	0.0	0.0	0.0	0.0	0.0	0.0	3.5660000000000003		$\gamma$
16	1.0	0.0	0.0	0.0	0.0	0.0	0.0	0.0	0.0	0.0	0.0	0.0	0.0	0.0	0.0	0.0	3.5172		$\gamma$
98	1.0	0.0	0.0	0.0	0.0	0.0	0.0	0.0	0.0	0.0	0.0	0.0	0.0	0.0	0.0	0.0	3.5212		$\gamma$
187	1.0	0.0	0.0	0.0	0.0	0.0	0.0	0.0	0.0	0.0	0.0	0.0	0.0	0.0	0.0	0.0	3.5259		$\gamma$
257	1.0	0.0	0.0	0.0	0.0	0.0	0.0	0.0	0.0	0.0	0.0	0.0	0.0	0.0	0.0	0.0	3.5295		$\gamma$
275	1.0	0.0	0.0	0.0	0.0	0.0	0.0	0.0	0.0	0.0	0.0	0.0	0.0	0.0	0.0	0.0	3.5302		$\gamma$
301	1.0	0.0	0.0	0.0	0.0	0.0	0.0	0.0	0.0	0.0	0.0	0.0	0.0	0.0	0.0	0.0	3.5319		$\gamma$
331	1.0	0.0	0.0	0.0	0.0	0.0	0.0	0.0	0.0	0.0	0.0	0.0	0.0	0.0	0.0	0.0	3.5336		$\gamma$
333	1.0	0.0	0.0	0.0	0.0	0.0	0.0	0.0	0.0	0.0	0.0	0.0	0.0	0.0	0.0	0.0	3.5338		$\gamma$
336	1.0	0.0	0.0	0.0	0.0	0.0	0.0	0.0	0.0	0.0	0.0	0.0	0.0	0.0	0.0	0.0	3.5338		$\gamma$
338	1.0	0.0	0.0	0.0	0.0	0.0	0.0	0.0	0.0	0.0	0.0	0.0	0.0	0.0	0.0	0.0	3.5339		$\gamma$
341	1.0	0.0	0.0	0.0	0.0	0.0	0.0	0.0	0.0	0.0	0.0	0.0	0.0	0.0	0.0	0.0	3.5343		$\gamma$
342	1.0	0.0	0.0	0.0	0.0	0.0	0.0	0.0	0.0	0.0	0.0	0.0	0.0	0.0	0.0	0.0	3.5343		$\gamma$
343	1.0	0.0	0.0	0.0	0.0	0.0	0.0	0.0	0.0	0.0	0.0	0.0	0.0	0.0	0.0	0.0	3.5342		$\gamma$
345	1.0	0.0	0.0	0.0	0.0	0.0	0.0	0.0	0.0	0.0	0.0	0.0	0.0	0.0	0.0	0.0	3.5345		$\gamma$
346	1.0	0.0	0.0	0.0	0.0	0.0	0.0	0.0	0.0	0.0	0.0	0.0	0.0	0.0	0.0	0.0	3.5347		$\gamma$
348	1.0	0.0	0.0	0.0	0.0	0.0	0.0	0.0	0.0	0.0	0.0	0.0	0.0	0.0	0.0	0.0	3.5346		$\gamma$
349	1.0	0.0	0.0	0.0	0.0	0.0	0.0	0.0	0.0	0.0	0.0	0.0	0.0	0.0	0.0	0.0	3.5347		$\gamma$
352	1.0	0.0	0.0	0.0	0.0	0.0	0.0	0.0	0.0	0.0	0.0	0.0	0.0	0.0	0.0	0.0	3.535		$\gamma$
356	1.0	0.0	0.0	0.0	0.0	0.0	0.0	0.0	0.0	0.0	0.0	0.0	0.0	0.0	0.0	0.0	3.5355		$\gamma$
359	1.0	0.0	0.0	0.0	0.0	0.0	0.0	0.0	0.0	0.0	0.0	0.0	0.0	0.0	0.0	0.0	3.5356		$\gamma$
362	1.0	0.0	0.0	0.0	0.0	0.0	0.0	0.0	0.0	0.0	0.0	0.0	0.0	0.0	0.0	0.0	3.5359		$\gamma$
363	1.0	0.0	0.0	0.0	0.0	0.0	0.0	0.0	0.0	0.0	0.0	0.0	0.0	0.0	0.0	0.0	3.536		$\gamma$
365	1.0	0.0	0.0	0.0	0.0	0.0	0.0	0.0	0.0	0.0	0.0	0.0	0.0	0.0	0.0	0.0	3.5361		$\gamma$
370	1.0	0.0	0.0	0.0	0.0	0.0	0.0	0.0	0.0	0.0	0.0	0.0	0.0	0.0	0.0	0.0	3.5367		$\gamma$
373	1.0	0.0	0.0	0.0	0.0	0.0	0.0	0.0	0.0	0.0	0.0	0.0	0.0	0.0	0.0	0.0	3.5367		$\gamma$
374	1.0	0.0	0.0	0.0	0.0	0.0	0.0	0.0	0.0	0.0	0.0	0.0	0.0	0.0	0.0	0.0	3.5367		$\gamma$
378	1.0	0.0	0.0	0.0	0.0	0.0	0.0	0.0	0.0	0.0	0.0	0.0	0.0	0.0	0.0	0.0	3.5371		$\gamma$
388	1.0	0.0	0.0	0.0	0.0	0.0	0.0	0.0	0.0	0.0	0.0	0.0	0.0	0.0	0.0	0.0	3.5379		$\gamma$
398	1.0	0.0	0.0	0.0	0.0	0.0	0.0	0.0	0.0	0.0	0.0	0.0	0.0	0.0	0.0	0.0	3.5383		$\gamma$
405	1.0	0.0	0.0	0.0	0.0	0.0	0.0	0.0	0.0	0.0	0.0	0.0	0.0	0.0	0.0	0.0	3.5387		$\gamma$
410	1.0	0.0	0.0	0.0	0.0	0.0	0.0	0.0	0.0	0.0	0.0	0.0	0.0	0.0	0.0	0.0	3.5388		$\gamma$
411	1.0	0.0	0.0	0.0	0.0	0.0	0.0	0.0	0.0	0.0	0.0	0.0	0.0	0.0	0.0	0.0	3.5388		$\gamma$
429	1.0	0.0	0.0	0.0	0.0	0.0	0.0	0.0	0.0	0.0	0.0	0.0	0.0	0.0	0.0	0.0	3.5403		$\gamma$
460	1.0	0.0	0.0	0.0	0.0	0.0	0.0	0.0	0.0	0.0	0.0	0.0	0.0	0.0	0.0	0.0	3.5422		$\gamma$
501	1.0	0.0	0.0	0.0	0.0	0.0	0.0	0.0	0.0	0.0	0.0	0.0	0.0	0.0	0.0	0.0	3.5448		$\gamma$
557	1.0	0.0	0.0	0.0	0.0	0.0	0.0	0.0	0.0	0.0	0.0	0.0	0.0	0.0	0.0	0.0	3.5482		$\gamma$
603	1.0	0.0	0.0	0.0	0.0	0.0	0.0	0.0	0.0	0.0	0.0	0.0	0.0	0.0	0.0	0.0	3.5508		$\gamma$
608	1.0	0.0	0.0	0.0	0.0	0.0	0.0	0.0	0.0	0.0	0.0	0.0	0.0	0.0	0.0	0.0	3.5517		$\gamma$
25	0.9771	0.0	0.0	0.0	0.0	0.0	0.0229	0.0	0.0	0.0	0.0	0.0	0.0	0.0	0.0	0.0	3.5245		$\gamma$
25	0.9572	0.0	0.0	0.0	0.0	0.0	0.042800000000000005	0.0	0.0	0.0	0.0	0.0	0.0	0.0	0.0	0.0	3.5317		$\gamma$
25	0.9385	0.0	0.0	0.0	0.0	0.0	0.06150000000000001	0.0	0.0	0.0	0.0	0.0	0.0	0.0	0.0	0.0	3.5372		$\gamma$
25	0.9064	0.0	0.0	0.0	0.0	0.0	0.0936	0.0	0.0	0.0	0.0	0.0	0.0	0.0	0.0	0.0	3.5496		$\gamma$
25	0.9740000000000001	0.0	0.0	0.0	0.0	0.0	0.026000000000000002	0.0	0.0	0.0	0.0	0.0	0.0	0.0	0.0	0.0	3.5252		$\gamma$
25	0.9420000000000001	0.0	0.0	0.0	0.0	0.0	0.057999999999999996	0.0	0.0	0.0	0.0	0.0	0.0	0.0	0.0	0.0	3.5363		$\gamma$
25	0.93	0.0	0.0	0.0	0.0	0.0	0.07	0.0	0.0	0.0	0.0	0.0	0.0	0.0	0.0	0.0	3.5409		$\gamma$
25	0.905	0.0	0.0	0.0	0.0	0.0	0.095	0.0	0.0	0.0	0.0	0.0	0.0	0.0	0.0	0.0	3.5485		$\gamma$
18	0.9743	0.0	0.0	0.0	0.0	0.0	0.0	0.0	0.0	0.0	0.0	0.0257	0.0	0.0	0.0	0.0	3.5211		$\gamma$
18	0.9535	0.0	0.0	0.0	0.0	0.0	0.0	0.0	0.0	0.0	0.0	0.04650000000000002	0.0	0.0	0.0	0.0	3.5255		$\gamma$
18	0.9431	0.0	0.0	0.0	0.0	0.0	0.0	0.0	0.0	0.0	0.0	0.05690000000000001	0.0	0.0	0.0	0.0	3.5262		$\gamma$
18	0.9209999999999999	0.0	0.0	0.0	0.0	0.0	0.0	0.0	0.0	0.0	0.0	0.079	0.0	0.0	0.0	0.0	3.5298		$\gamma$
18	0.9041	0.0	0.0	0.0	0.0	0.0	0.0	0.0	0.0	0.0	0.0	0.0959	0.0	0.0	0.0	0.0	3.5319		$\gamma$
18	0.8956000000000001	0.0	0.0	0.0	0.0	0.0	0.0	0.0	0.0	0.0	0.0	0.1044	0.0	0.0	0.0	0.0	3.5317		$\gamma$
18	0.8467	0.0	0.0	0.0	0.0	0.0	0.0	0.0	0.0	0.0	0.0	0.1533	0.0	0.0	0.0	0.0	3.5415		$\gamma$
18	0.8462999999999999	0.0	0.0	0.0	0.0	0.0	0.0	0.0	0.0	0.0	0.0	0.1537	0.0	0.0	0.0	0.0	3.5414		$\gamma$
18	0.8106	0.0	0.0	0.0	0.0	0.0	0.0	0.0	0.0	0.0	0.0	0.1894	0.0	0.0	0.0	0.0	3.5471		$\gamma$
18	0.7951	0.0	0.0	0.0	0.0	0.0	0.0	0.0	0.0	0.0	0.0	0.2049	0.0	0.0	0.0	0.0	3.5511		$\gamma$
18	0.7939	0.0	0.0	0.0	0.0	0.0	0.0	0.0	0.0	0.0	0.0	0.2061	0.0	0.0	0.0	0.0	3.5506		$\gamma$
18	0.7911	0.0	0.0	0.0	0.0	0.0	0.0	0.0	0.0	0.0	0.0	0.2089	0.0	0.0	0.0	0.0	3.5509		$\gamma$
18	0.7685	0.0	0.0	0.0	0.0	0.0	0.0	0.0	0.0	0.0	0.0	0.2315	0.0	0.0	0.0	0.0	3.5558		$\gamma$
18	0.764	0.0	0.0	0.0	0.0	0.0	0.0	0.0	0.0	0.0	0.0	0.23600000000000002	0.0	0.0	0.0	0.0	3.5561		$\gamma$
18	0.7531	0.0	0.0	0.0	0.0	0.0	0.0	0.0	0.0	0.0	0.0	0.2469	0.0	0.0	0.0	0.0	3.5587		$\gamma$
18	0.7037	0.0	0.0	0.0	0.0	0.0	0.0	0.0	0.0	0.0	0.0	0.2963	0.0	0.0	0.0	0.0	3.5735		$\gamma$
18	0.6759000000000001	0.0	0.0	0.0	0.0	0.0	0.0	0.0	0.0	0.0	0.0	0.32409999999999994	0.0	0.0	0.0	0.0	3.5831		$\gamma$
18	0.648	0.0	0.0	0.0	0.0	0.0	0.0	0.0	0.0	0.0	0.0	0.35200000000000004	0.0	0.0	0.0	0.0	3.5905		$\gamma$
18	0.6470999999999999	0.0	0.0	0.0	0.0	0.0	0.0	0.0	0.0	0.0	0.0	0.3529	0.0	0.0	0.0	0.0	3.5927		$\gamma$
18	0.6448	0.0	0.0	0.0	0.0	0.0	0.0	0.0	0.0	0.0	0.0	0.3552	0.0	0.0	0.0	0.0	3.5975		$\gamma$
18	0.6394	0.0	0.0	0.0	0.0	0.0	0.0	0.0	0.0	0.0	0.0	0.3606	0.0	0.0	0.0	0.0	3.5966		$\gamma$
18	0.6202000000000001	0.0	0.0	0.0	0.0	0.0	0.0	0.0	0.0	0.0	0.0	0.3798	0.0	0.0	0.0	0.0	3.6013		$\gamma$
18	0.6169	0.0	0.0	0.0	0.0	0.0	0.0	0.0	0.0	0.0	0.0	0.3831	0.0	0.0	0.0	0.0	3.6038		$\gamma$
18	0.6015999999999999	0.0	0.0	0.0	0.0	0.0	0.0	0.0	0.0	0.0	0.0	0.3984	0.0	0.0	0.0	0.0	3.6091		$\gamma$
18	0.597	0.0	0.0	0.0	0.0	0.0	0.0	0.0	0.0	0.0	0.0	0.40299999999999997	0.0	0.0	0.0	0.0	3.6097		$\gamma$
18	0.5808	0.0	0.0	0.0	0.0	0.0	0.0	0.0	0.0	0.0	0.0	0.4192	0.0	0.0	0.0	0.0	3.6179		$\gamma$
25	0.9711	0.0	0.0	0.0	0.0289	0.0	0.0	0.0	0.0	0.0	0.0	0.0	0.0	0.0	0.0	0.0	3.5279		$\gamma$
25	0.9208	0.0	0.0	0.0	0.07919999999999999	0.0	0.0	0.0	0.0	0.0	0.0	0.0	0.0	0.0	0.0	0.0	3.5501		$\gamma$
25	0.8734000000000001	0.0	0.0	0.0	0.1266	0.0	0.0	0.0	0.0	0.0	0.0	0.0	0.0	0.0	0.0	0.0	3.57		$\gamma$
25	0.8590000000000001	0.0	0.0	0.0	0.141	0.0	0.0	0.0	0.0	0.0	0.0	0.0	0.0	0.0	0.0	0.0	3.584		$\gamma$
25	0.9944	0.0	0.0	0.0	0.0	0.0	0.0	0.0	0.0	0.005600000000000001	0.0	0.0	0.0	0.0	0.0	0.0	3.529		$\gamma$
25	0.9888	0.0	0.0	0.0	0.0	0.0	0.0	0.0	0.0	0.011200000000000002	0.0	0.0	0.0	0.0	0.0	0.0	3.535		$\gamma$
25	0.9698899999999999	0.0	0.0	0.0	0.0	0.0	0.0	0.03011	0.0	0.0	0.0	0.0	0.0	0.0	0.0	0.0	3.5473		$\gamma$
25	0.94052	0.0	0.0	0.0	0.0	0.0	0.0	0.05948	0.0	0.0	0.0	0.0	0.0	0.0	0.0	0.0	3.5625		$\gamma$
25	0.9798100000000001	0.0	0.0	0.0	0.0	0.0	0.0	0.0	0.02019	0.0	0.0	0.0	0.0	0.0	0.0	0.0	3.5393		$\gamma$
25	0.96	0.0	0.0	0.0	0.0	0.0	0.0	0.0	0.04	0.0	0.0	0.0	0.0	0.0	0.0	0.0	3.552		$\gamma$
25	0.94038	0.0	0.0	0.0	0.0	0.0	0.0	0.0	0.05962000000000001	0.0	0.0	0.0	0.0	0.0	0.0	0.0	3.5658		$\gamma$
25	0.91981	0.0	0.0	0.0	0.0	0.0	0.0	0.0	0.08019	0.0	0.0	0.0	0.0	0.0	0.0	0.0	3.5773		$\gamma$
20	0.7768	0.0	0.0	0.1894	0.0	0.0283	0.0	0.0	0.0055000000000000005	0.0	0.0	0.0	0.0	0.0	0.0	0.0	3.6133		$\gamma$
100	0.7768	0.0	0.0	0.1894	0.0	0.0283	0.0	0.0	0.0055000000000000005	0.0	0.0	0.0	0.0	0.0	0.0	0.0	3.6173		$\gamma$
200	0.7768	0.0	0.0	0.1894	0.0	0.0283	0.0	0.0	0.0055000000000000005	0.0	0.0	0.0	0.0	0.0	0.0	0.0	3.6215		$\gamma$
300	0.7768	0.0	0.0	0.1894	0.0	0.0283	0.0	0.0	0.0055000000000000005	0.0	0.0	0.0	0.0	0.0	0.0	0.0	3.6256		$\gamma$
400	0.7768	0.0	0.0	0.1894	0.0	0.0283	0.0	0.0	0.0055000000000000005	0.0	0.0	0.0	0.0	0.0	0.0	0.0	3.6294		$\gamma$
500	0.7768	0.0	0.0	0.1894	0.0	0.0283	0.0	0.0	0.0055000000000000005	0.0	0.0	0.0	0.0	0.0	0.0	0.0	3.6355		$\gamma$
600	0.7768	0.0	0.0	0.1894	0.0	0.0283	0.0	0.0	0.0055000000000000005	0.0	0.0	0.0	0.0	0.0	0.0	0.0	3.6372		$\gamma$
800	0.7768	0.0	0.0	0.1894	0.0	0.0283	0.0	0.0	0.0055000000000000005	0.0	0.0	0.0	0.0	0.0	0.0	0.0	3.6492		$\gamma$
850	0.7768	0.0	0.0	0.1894	0.0	0.0283	0.0	0.0	0.0055000000000000005	0.0	0.0	0.0	0.0	0.0	0.0	0.0	3.6518		$\gamma$
900	0.7772	0.0	0.0	0.1811	0.0	0.0355	0.0	0.0	0.0062	0.0	0.0	0.0	0.0	0.0	0.0	0.0	3.6546		$\gamma$
950	0.7761	0.0	0.0	0.1734	0.0	0.0436	0.0	0.0	0.0069	0.0	0.0	0.0	0.0	0.0	0.0	0.0	3.658		$\gamma$
1000	0.7751	0.0	0.0	0.1642	0.0	0.0529	0.0	0.0	0.0078	0.0	0.0	0.0	0.0	0.0	0.0	0.0	3.6606		$\gamma$
20	0.6739	0.0	0.2329	0.0123	0.0433	0.0319	0.0027	0.0	0.003	0.0	0.0	0.0	0.0	0.0	0.0	0.0	3.5976		$\gamma$
100	0.6739	0.0	0.2329	0.0123	0.0433	0.0319	0.0027	0.0	0.003	0.0	0.0	0.0	0.0	0.0	0.0	0.0	3.6		$\gamma$
200	0.6739	0.0	0.2329	0.0123	0.0433	0.0319	0.0027	0.0	0.003	0.0	0.0	0.0	0.0	0.0	0.0	0.0	3.6051		$\gamma$
400	0.6739	0.0	0.2329	0.0123	0.0433	0.0319	0.0027	0.0	0.003	0.0	0.0	0.0	0.0	0.0	0.0	0.0	3.6151		$\gamma$
850	0.6739	0.0	0.2329	0.0123	0.0433	0.0319	0.0027	0.0	0.003	0.0	0.0	0.0	0.0	0.0	0.0	0.0	3.6398		$\gamma$
950	0.6903	0.0	0.1997	0.0114	0.0424	0.0475	0.005	0.0	0.0038	0.0	0.0	0.0	0.0	0.0	0.0	0.0	3.6447		$\gamma$
20	0.6093999999999999	0.0888	0.2138	0.0074	0.0395	0.035	0.0033	0.0	0.0028000000000000004	0.0	0.0	0.0	0.0	0.0	0.0	0.0	3.5871		$\gamma$
100	0.6093999999999999	0.0888	0.2138	0.0074	0.0395	0.035	0.0033	0.0	0.0028000000000000004	0.0	0.0	0.0	0.0	0.0	0.0	0.0	3.5906		$\gamma$
200	0.6093999999999999	0.0888	0.2138	0.0074	0.0395	0.035	0.0033	0.0	0.0028000000000000004	0.0	0.0	0.0	0.0	0.0	0.0	0.0	3.5952		$\gamma$
300	0.6093999999999999	0.0888	0.2138	0.0074	0.0395	0.035	0.0033	0.0	0.0028000000000000004	0.0	0.0	0.0	0.0	0.0	0.0	0.0	3.5994		$\gamma$
400	0.6093999999999999	0.0888	0.2138	0.0074	0.0395	0.035	0.0033	0.0	0.0028000000000000004	0.0	0.0	0.0	0.0	0.0	0.0	0.0	3.6049		$\gamma$
500	0.6093999999999999	0.0888	0.2138	0.0074	0.0395	0.035	0.0033	0.0	0.0028000000000000004	0.0	0.0	0.0	0.0	0.0	0.0	0.0	3.6101		$\gamma$
600	0.6093999999999999	0.0888	0.2138	0.0074	0.0395	0.035	0.0033	0.0	0.0028000000000000004	0.0	0.0	0.0	0.0	0.0	0.0	0.0	3.6153		$\gamma$
700	0.6093999999999999	0.0888	0.2138	0.0074	0.0395	0.035	0.0033	0.0	0.0028000000000000004	0.0	0.0	0.0	0.0	0.0	0.0	0.0	3.6209		$\gamma$
800	0.6093999999999999	0.0888	0.2138	0.0074	0.0395	0.035	0.0033	0.0	0.0028000000000000004	0.0	0.0	0.0	0.0	0.0	0.0	0.0	3.6278		$\gamma$
850	0.6093999999999999	0.0888	0.2138	0.0074	0.0395	0.035	0.0033	0.0	0.0028000000000000004	0.0	0.0	0.0	0.0	0.0	0.0	0.0	3.6299		$\gamma$
900	0.6195	0.08310000000000001	0.2005	0.0072	0.0393	0.0427	0.0045000000000000005	0.0	0.0032	0.0	0.0	0.0	0.0	0.0	0.0	0.0	3.634		$\gamma$
950	0.63381	0.0768	0.18229	0.0068000000000000005	0.0388	0.0519	0.006	0.0	0.0036	0.0	0.0	0.0	0.0	0.0	0.0	0.0	3.6375		$\gamma$
1000	0.642	0.0716	0.16829999999999998	0.006500000000000001	0.0383	0.06150000000000001	0.0078	0.0	0.004	0.0	0.0	0.0	0.0	0.0	0.0	0.0	3.6407		$\gamma$
20	0.889	0.0	0.111	0.0	0.0	0.0	0.0	0.0	0.0	0.0	0.0	0.0	0.0	0.0	0.0	0.0	3.535		$\gamma$
20	0.7490000000000001	0.0	0.111	0.0	0.0	0.14	0.0	0.0	0.0	0.0	0.0	0.0	0.0	0.0	0.0	0.0	3.623		$\gamma$
20	0.7190000000000001	0.0	0.111	0.0	0.0	0.17	0.0	0.0	0.0	0.0	0.0	0.0	0.0	0.0	0.0	0.0	3.564		$\gamma$
20	0.8	0.0	0.2	0.0	0.0	0.0	0.0	0.0	0.0	0.0	0.0	0.0	0.0	0.0	0.0	0.0	3.5460000000000003		$\gamma$
20	0.7	0.0	0.2	0.0	0.0	0.1	0.0	0.0	0.0	0.0	0.0	0.0	0.0	0.0	0.0	0.0	3.553		$\gamma$
20	0.97	0.0	0.0	0.03	0.0	0.0	0.0	0.0	0.0	0.0	0.0	0.0	0.0	0.0	0.0	0.0	3.539		$\gamma$
20	0.94	0.0	0.0	0.06	0.0	0.0	0.0	0.0	0.0	0.0	0.0	0.0	0.0	0.0	0.0	0.0	3.552		$\gamma$
20	0.91	0.0	0.0	0.09	0.0	0.0	0.0	0.0	0.0	0.0	0.0	0.0	0.0	0.0	0.0	0.0	3.565		$\gamma$
20	0.903	0.0	0.0	0.09699999999999999	0.0	0.0	0.0	0.0	0.0	0.0	0.0	0.0	0.0	0.0	0.0	0.0	3.563		$\gamma$
20	0.782	0.0	0.0	0.218	0.0	0.0	0.0	0.0	0.0	0.0	0.0	0.0	0.0	0.0	0.0	0.0	3.61		$\gamma$
20	0.92	0.0	0.0	0.0	0.0	0.0	0.0	0.0	0.08	0.0	0.0	0.0	0.0	0.0	0.0	0.0	3.5780000000000003		$\gamma$
20	0.91	0.0	0.0	0.0	0.09	0.0	0.0	0.0	0.0	0.0	0.0	0.0	0.0	0.0	0.0	0.0	3.5635		$\gamma$
20	0.845	0.0	0.0	0.0	0.155	0.0	0.0	0.0	0.0	0.0	0.0	0.0	0.0	0.0	0.0	0.0	3.588		$\gamma$
25	0.6788	0.0654	0.0236	0.002	0.0178	0.1631	0.0172	0.0	0.0291	0.0005	0.0025	0.0	0.0	0.0				3.585033	$\gamma'$
500	0.6788	0.0654	0.0236	0.002	0.0178	0.1631	0.0172	0.0	0.0291	0.0005	0.0025	0.0	0.0	0.0				3.604772	$\gamma'$
800	0.6788	0.0654	0.0236	0.002	0.0178	0.1631	0.0172	0.0	0.0291	0.0005	0.0025	0.0	0.0	0.0				3.61951	$\gamma'$
900	0.674	0.06860000000000001	0.0255	0.002	0.0176	0.16269999999999998	0.0172	0.0	0.0295	0.0005	0.0024	0.0	0.0	0.0				3.625986	$\gamma'$
1000	0.6657	0.0725	0.0274	0.0017	0.017	0.1642	0.0176	0.0	0.031400000000000004	0.0005	0.002	0.0	0.0	0.0				3.633237	$\gamma'$
1100	0.6596	0.07440000000000001	0.027000000000000003	0.0015	0.016	0.16579999999999998	0.0177	0.0	0.0358	0.0006	0.0016	0.0	0.0	0.0				3.638692	$\gamma'$
25	0.7403	0.0	0.027999999999999997	0.0031	0.0275	0.1648	0.0213	0.0	0.015	0.0	0.0	0.0	0.0	0.0				3.580195	$\gamma'$
300	0.7403	0.0	0.027999999999999997	0.0031	0.0275	0.1648	0.0213	0.0	0.015	0.0	0.0	0.0	0.0	0.0				3.598168	$\gamma'$
300	0.7403	0.0	0.027999999999999997	0.0031	0.0275	0.1648	0.0213	0.0	0.015	0.0	0.0	0.0	0.0	0.0				3.5956	$\gamma'$
500	0.7403	0.0	0.027999999999999997	0.0031	0.0275	0.1648	0.0213	0.0	0.015	0.0	0.0	0.0	0.0	0.0				3.603167	$\gamma'$
500	0.7403	0.0	0.027999999999999997	0.0031	0.0275	0.1648	0.0213	0.0	0.015	0.0	0.0	0.0	0.0	0.0				3.6053	$\gamma'$
600	0.7403	0.0	0.027999999999999997	0.0031	0.0275	0.1648	0.0213	0.0	0.015	0.0	0.0	0.0	0.0	0.0				3.610456	$\gamma'$
600	0.7403	0.0	0.027999999999999997	0.0031	0.0275	0.1648	0.0213	0.0	0.015	0.0	0.0	0.0	0.0	0.0				3.6096	$\gamma'$
700	0.7403	0.0	0.027999999999999997	0.0031	0.0275	0.1648	0.0213	0.0	0.015	0.0	0.0	0.0	0.0	0.0				3.615599	$\gamma'$
700	0.7403	0.0	0.027999999999999997	0.0031	0.0275	0.1648	0.0213	0.0	0.015	0.0	0.0	0.0	0.0	0.0				3.6151	$\gamma'$
800	0.7403	0.0	0.027999999999999997	0.0031	0.0275	0.1648	0.0213	0.0	0.015	0.0	0.0	0.0	0.0	0.0				3.621659	$\gamma'$
800	0.7403	0.0	0.027999999999999997	0.0031	0.0275	0.1648	0.0213	0.0	0.015	0.0	0.0	0.0	0.0	0.0				3.6214	$\gamma'$
900	0.7379000000000001	0.0	0.0306	0.003	0.0272	0.1649	0.0213	0.0	0.0151	0.0	0.0	0.0	0.0	0.0				3.621659	$\gamma'$
1000	0.7329000000000001	0.0	0.0339	0.0028000000000000004	0.0262	0.16690000000000002	0.0214	0.0	0.016	0.0	0.0	0.0	0.0	0.0				3.627395	$\gamma'$
1000	0.7329000000000001	0.0	0.0339	0.0028000000000000004	0.0262	0.16690000000000002	0.0214	0.0	0.016	0.0	0.0	0.0	0.0	0.0				3.6321	$\gamma'$
1100	0.7295999999999999	0.0	0.0352	0.0024	0.024700000000000003	0.16949999999999998	0.0209	0.0	0.0176	0.0	0.0	0.0	0.0	0.0				3.633889	$\gamma'$
25	0.6694	0.0755	0.026000000000000002	0.0079	0.0	0.1512	0.0701	0.0	0.0	0.0	0.0	0.0	0.0	0.0				3.579428	$\gamma'$
300	0.6694	0.0755	0.026000000000000002	0.0079	0.0	0.1512	0.0701	0.0	0.0	0.0	0.0	0.0	0.0	0.0				3.592667	$\gamma'$
500	0.6694	0.0755	0.026000000000000002	0.0079	0.0	0.1512	0.0701	0.0	0.0	0.0	0.0	0.0	0.0	0.0				3.601557	$\gamma'$
600	0.6694	0.0755	0.026000000000000002	0.0079	0.0	0.1512	0.0701	0.0	0.0	0.0	0.0	0.0	0.0	0.0				3.606204	$\gamma'$
700	0.6694	0.0755	0.026000000000000002	0.0079	0.0	0.1512	0.0701	0.0	0.0	0.0	0.0	0.0	0.0	0.0				3.611011	$\gamma'$
800	0.6694	0.0755	0.026000000000000002	0.0079	0.0	0.1512	0.0701	0.0	0.0	0.0	0.0	0.0	0.0	0.0				3.617162	$\gamma'$
900	0.6635	0.0784	0.0274	0.0074	0.0	0.1508	0.0726	0.0	0.0	0.0	0.0	0.0	0.0	0.0				3.623863	$\gamma'$
1000	0.6577	0.0808	0.0278	0.0061	0.0	0.1481	0.0794	0.0	0.0	0.0	0.0	0.0	0.0	0.0				3.629081	$\gamma'$
25	0.7011	0.033	0.0363	0.0075	0.0218	0.1423	0.0326	0.0	0.0253	0.0	0.0	0.0	0.0	0.0				3.5825940000000003	$\gamma'$
300	0.7011	0.033	0.0363	0.0075	0.0218	0.1423	0.0326	0.0	0.0253	0.0	0.0	0.0	0.0	0.0				3.5953690000000003	$\gamma'$
500	0.7011	0.033	0.0363	0.0075	0.0218	0.1423	0.0326	0.0	0.0253	0.0	0.0	0.0	0.0	0.0				3.603504	$\gamma'$
600	0.7011	0.033	0.0363	0.0075	0.0218	0.1423	0.0326	0.0	0.0253	0.0	0.0	0.0	0.0	0.0				3.607628	$\gamma'$
700	0.7011	0.033	0.0363	0.0075	0.0218	0.1423	0.0326	0.0	0.0253	0.0	0.0	0.0	0.0	0.0				3.61269	$\gamma'$
800	0.7011	0.033	0.0363	0.0075	0.0218	0.1423	0.0326	0.0	0.0253	0.0	0.0	0.0	0.0	0.0				3.618543	$\gamma'$
900	0.6967	0.0344	0.0385	0.0073	0.0215	0.1431	0.0328	0.0	0.0256	0.0	0.0	0.0	0.0	0.0				3.623018	$\gamma'$
1000	0.6908	0.0366	0.0416	0.0067	0.0207	0.1444	0.0328	0.0	0.0265	0.0	0.0	0.0	0.0	0.0				3.623018	$\gamma'$
1100	0.6859000000000001	0.0377	0.0421	0.0059	0.0193	0.1481	0.032400000000000005	0.0	0.0286	0.0	0.0	0.0	0.0	0.0				3.63451	$\gamma'$
25	0.6878	0.0534	0.024	0.0	0.0487	0.16219999999999998	0.0	0.0	0.0239	0.0	0.0	0.0	0.0	0.0				3.5850690000000003	$\gamma'$
300	0.6878	0.0534	0.024	0.0	0.0487	0.16219999999999998	0.0	0.0	0.0239	0.0	0.0	0.0	0.0	0.0				3.5952230000000003	$\gamma'$
500	0.6878	0.0534	0.024	0.0	0.0487	0.16219999999999998	0.0	0.0	0.0239	0.0	0.0	0.0	0.0	0.0				3.603734	$\gamma'$
600	0.6878	0.0534	0.024	0.0	0.0487	0.16219999999999998	0.0	0.0	0.0239	0.0	0.0	0.0	0.0	0.0				3.608526	$\gamma'$
700	0.6878	0.0534	0.024	0.0	0.0487	0.16219999999999998	0.0	0.0	0.0239	0.0	0.0	0.0	0.0	0.0				3.612472	$\gamma'$
800	0.6878	0.0534	0.024	0.0	0.0487	0.16219999999999998	0.0	0.0	0.0239	0.0	0.0	0.0	0.0	0.0				3.617894	$\gamma'$
900	0.6827	0.0559	0.0259	0.0	0.0481	0.1632	0.0	0.0	0.0242	0.0	0.0	0.0	0.0	0.0				3.624122	$\gamma'$
25	0.7464	0.0	0.0183	0.0	0.0228	0.1848	0.0	0.0	0.0276	0.0	0.0	0.0	0.0	0.0				3.588568	$\gamma'$
300	0.7464	0.0	0.0183	0.0	0.0228	0.1848	0.0	0.0	0.0276	0.0	0.0	0.0	0.0	0.0				3.599393	$\gamma'$
500	0.7464	0.0	0.0183	0.0	0.0228	0.1848	0.0	0.0	0.0276	0.0	0.0	0.0	0.0	0.0				3.607887	$\gamma'$
600	0.7464	0.0	0.0183	0.0	0.0228	0.1848	0.0	0.0	0.0276	0.0	0.0	0.0	0.0	0.0				3.612228	$\gamma'$
700	0.7464	0.0	0.0183	0.0	0.0228	0.1848	0.0	0.0	0.0276	0.0	0.0	0.0	0.0	0.0				3.616752	$\gamma'$
800	0.7464	0.0	0.0183	0.0	0.0228	0.1848	0.0	0.0	0.0276	0.0	0.0	0.0	0.0	0.0				3.621962	$\gamma'$
900	0.7378	0.0	0.0264	0.0	0.0204	0.165	0.0	0.0	0.0504	0.0	0.0	0.0	0.0	0.0				3.628874	$\gamma'$
1000	0.7318000000000001	0.0	0.0306	0.0	0.0193	0.1662	0.0	0.0	0.052000000000000005	0.0	0.0	0.0	0.0	0.0				3.635831	$\gamma'$
1100	0.7284	0.0	0.0342	0.0	0.0183	0.1652	0.0	0.0	0.0539	0.0	0.0	0.0	0.0	0.0				3.640194	$\gamma'$
25	0.7442	0.0	0.0152	0.0	0.0309	0.17059999999999995	0.0	0.0	0.0392	0.0	0.0	0.0	0.0	0.0				3.5855370000000004	$\gamma'$
500	0.7442	0.0	0.0152	0.0	0.0309	0.17059999999999995	0.0	0.0	0.0392	0.0	0.0	0.0	0.0	0.0				3.60488	$\gamma'$
600	0.7442	0.0	0.0152	0.0	0.0309	0.17059999999999995	0.0	0.0	0.0392	0.0	0.0	0.0	0.0	0.0				3.609767	$\gamma'$
700	0.7442	0.0	0.0152	0.0	0.0309	0.17059999999999995	0.0	0.0	0.0392	0.0	0.0	0.0	0.0	0.0				3.614726	$\gamma'$
800	0.7442	0.0	0.0152	0.0	0.0309	0.17059999999999995	0.0	0.0	0.0392	0.0	0.0	0.0	0.0	0.0				3.618989	$\gamma'$
900	0.7421	0.0	0.0169	0.0	0.0304	0.1711	0.0	0.0	0.0396	0.0	0.0	0.0	0.0	0.0				3.624385	$\gamma'$
1000	0.7367	0.0	0.0196	0.0	0.028999999999999998	0.1734	0.0	0.0	0.0412	0.0	0.0	0.0	0.0	0.0				3.630515	$\gamma'$
1100	0.733	0.0	0.0218	0.0	0.0272	0.1744	0.0	0.0	0.0436	0.0	0.0	0.0	0.0	0.0				3.636529	$\gamma'$
25	0.7422	0.0	0.0173	0.0	0.0239	0.1641	0.0	0.0	0.0525	0.0	0.0	0.0	0.0	0.0				3.5915800000000004	$\gamma'$
300	0.7422	0.0	0.0173	0.0	0.0239	0.1641	0.0	0.0	0.0525	0.0	0.0	0.0	0.0	0.0				3.602931	$\gamma'$
600	0.7422	0.0	0.0173	0.0	0.0239	0.1641	0.0	0.0	0.0525	0.0	0.0	0.0	0.0	0.0				3.615502	$\gamma'$
700	0.7422	0.0	0.0173	0.0	0.0239	0.1641	0.0	0.0	0.0525	0.0	0.0	0.0	0.0	0.0				3.619985	$\gamma'$
800	0.7422	0.0	0.0173	0.0	0.0239	0.1641	0.0	0.0	0.0525	0.0	0.0	0.0	0.0	0.0				3.625227	$\gamma'$
900	0.7392	0.0	0.019	0.0	0.0233	0.1654	0.0	0.0	0.0531	0.0	0.0	0.0	0.0	0.0				3.630855	$\gamma'$
1000	0.7351000000000001	0.0	0.0223	0.0	0.022400000000000003	0.166	0.0	0.0	0.0543	0.0	0.0	0.0	0.0	0.0				3.6358	$\gamma'$
1100	0.7312000000000001	0.0	0.024700000000000003	0.0	0.021	0.16690000000000002	0.0	0.0	0.0563	0.0	0.0	0.0	0.0	0.0				3.641184	$\gamma'$
25	0.7422	0.0	0.0148	0.0	0.017	0.1625	0.0	0.0	0.0634	0.0	0.0	0.0	0.0	0.0				3.591424	$\gamma'$
300	0.7422	0.0	0.0148	0.0	0.017	0.1625	0.0	0.0	0.0634	0.0	0.0	0.0	0.0	0.0				3.602238	$\gamma'$
500	0.7422	0.0	0.0148	0.0	0.017	0.1625	0.0	0.0	0.0634	0.0	0.0	0.0	0.0	0.0				3.610013	$\gamma'$
600	0.7422	0.0	0.0148	0.0	0.017	0.1625	0.0	0.0	0.0634	0.0	0.0	0.0	0.0	0.0				3.613979	$\gamma'$
700	0.7422	0.0	0.0148	0.0	0.017	0.1625	0.0	0.0	0.0634	0.0	0.0	0.0	0.0	0.0				3.618529	$\gamma'$
800	0.7422	0.0	0.0148	0.0	0.017	0.1625	0.0	0.0	0.0634	0.0	0.0	0.0	0.0	0.0				3.623749	$\gamma'$
900	0.7353000000000001	0.0	0.0195	0.0	0.0158	0.16390000000000002	0.0	0.0	0.0654	0.0	0.0	0.0	0.0	0.0				3.628782	$\gamma'$
1000	0.7353000000000001	0.0	0.0195	0.0	0.0158	0.16390000000000002	0.0	0.0	0.0654	0.0	0.0	0.0	0.0	0.0				3.634566	$\gamma'$
1100	0.731	0.0	0.022000000000000002	0.0	0.0148	0.16440000000000002	0.0	0.0	0.0678	0.0	0.0	0.0	0.0	0.0				3.640523	$\gamma'$
25	0.6849	0.0565	0.0221	0.0067	0.0328	0.1597	0.0	0.0	0.0373	0.0	0.0	0.0	0.0	0.0				3.590035	$\gamma'$
300	0.6849	0.0565	0.0221	0.0067	0.0328	0.1597	0.0	0.0	0.0373	0.0	0.0	0.0	0.0	0.0				3.602699	$\gamma'$
500	0.6849	0.0565	0.0221	0.0067	0.0328	0.1597	0.0	0.0	0.0373	0.0	0.0	0.0	0.0	0.0				3.610235	$\gamma'$
600	0.6849	0.0565	0.0221	0.0067	0.0328	0.1597	0.0	0.0	0.0373	0.0	0.0	0.0	0.0	0.0				3.615079	$\gamma'$
700	0.6849	0.0565	0.0221	0.0067	0.0328	0.1597	0.0	0.0	0.0373	0.0	0.0	0.0	0.0	0.0				3.61934	$\gamma'$
800	0.6849	0.0565	0.0221	0.0067	0.0328	0.1597	0.0	0.0	0.0373	0.0	0.0	0.0	0.0	0.0				3.62357	$\gamma'$
900	0.6796	0.0593	0.0239	0.006500000000000001	0.032400000000000005	0.1606	0.0	0.0	0.0378	0.0	0.0	0.0	0.0	0.0				3.629258	$\gamma'$
1000	0.6708	0.0641	0.0268	0.006	0.0313	0.16210000000000002	0.0	0.0	0.039	0.0	0.0	0.0	0.0	0.0				3.635211	$\gamma'$
1100	0.6631999999999999	0.0679	0.0286	0.0054	0.0297	0.16399999999999998	0.0	0.0	0.0413	0.0	0.0	0.0	0.0	0.0				3.641508	$\gamma'$
25	0.6960999999999999	0.0493	0.0173	0.0	0.0289	0.1696	0.0	0.0	0.0368	0.0	0.0019	0.0	0.0	0.0				3.5870900000000003	$\gamma'$
300	0.6960999999999999	0.0493	0.0173	0.0	0.0289	0.1696	0.0	0.0	0.0368	0.0	0.0019	0.0	0.0	0.0				3.598329	$\gamma'$
500	0.6960999999999999	0.0493	0.0173	0.0	0.0289	0.1696	0.0	0.0	0.0368	0.0	0.0019	0.0	0.0	0.0				3.606449	$\gamma'$
600	0.6960999999999999	0.0493	0.0173	0.0	0.0289	0.1696	0.0	0.0	0.0368	0.0	0.0019	0.0	0.0	0.0				3.610975	$\gamma'$
700	0.6960999999999999	0.0493	0.0173	0.0	0.0289	0.1696	0.0	0.0	0.0368	0.0	0.0019	0.0	0.0	0.0				3.616007	$\gamma'$
800	0.6960999999999999	0.0493	0.0173	0.0	0.0289	0.1696	0.0	0.0	0.0368	0.0	0.0019	0.0	0.0	0.0				3.621682	$\gamma'$
900	0.6915	0.0522	0.019	0.0	0.0285	0.1697	0.0	0.0	0.0373	0.0	0.0019	0.0	0.0	0.0				3.627587	$\gamma'$
1000	0.6823	0.0564	0.0214	0.0	0.0273	0.1718	0.0	0.0	0.0392	0.0	0.0016	0.0	0.0	0.0				3.634332	$\gamma'$
1100	0.6753	0.0601	0.0229	0.0	0.0258	0.172	0.0	0.0	0.0425	0.0	0.0014000000000000002	0.0	0.0	0.0				3.639541	$\gamma'$
25	0.7384000000000001	0.0	0.04019999999999999	0.0166	0.0	0.1483	0.0364	0.016	0.004	0.0	0.0	0.0	0.0	0.0				3.586431	$\gamma'$
300	0.7384000000000001	0.0	0.04019999999999999	0.0166	0.0	0.1483	0.0364	0.016	0.004	0.0	0.0	0.0	0.0	0.0				3.597203	$\gamma'$
500	0.7384000000000001	0.0	0.04019999999999999	0.0166	0.0	0.1483	0.0364	0.016	0.004	0.0	0.0	0.0	0.0	0.0				3.605641	$\gamma'$
600	0.7384000000000001	0.0	0.04019999999999999	0.0166	0.0	0.1483	0.0364	0.016	0.004	0.0	0.0	0.0	0.0	0.0				3.610054	$\gamma'$
700	0.7384000000000001	0.0	0.04019999999999999	0.0166	0.0	0.1483	0.0364	0.016	0.004	0.0	0.0	0.0	0.0	0.0				3.614642	$\gamma'$
800	0.7384000000000001	0.0	0.04019999999999999	0.0166	0.0	0.1483	0.0364	0.016	0.004	0.0	0.0	0.0	0.0	0.0				3.620324	$\gamma'$
900	0.736	0.0	0.0435	0.016200000000000003	0.0	0.14800000000000002	0.0364	0.0159	0.004	0.0	0.0	0.0	0.0	0.0				3.632698	$\gamma'$
1000	0.7306999999999999	0.0	0.0475	0.0146	0.0	0.15039999999999998	0.0367	0.0158	0.0043	0.0	0.0	0.0	0.0	0.0				3.638515	$\gamma'$
25	0.7479	0.0	0.0261	0.0194	0.0	0.17079999999999998	0.0156	0.0202	0.0	0.0	0.0	0.0	0.0	0.0				3.5805010000000004	$\gamma'$
300	0.7479	0.0	0.0261	0.0194	0.0	0.17079999999999998	0.0156	0.0202	0.0	0.0	0.0	0.0	0.0	0.0				3.592706	$\gamma'$
500	0.7479	0.0	0.0261	0.0194	0.0	0.17079999999999998	0.0156	0.0202	0.0	0.0	0.0	0.0	0.0	0.0				3.601532	$\gamma'$
700	0.7479	0.0	0.0261	0.0194	0.0	0.17079999999999998	0.0156	0.0202	0.0	0.0	0.0	0.0	0.0	0.0				3.610819	$\gamma'$
800	0.7479	0.0	0.0261	0.0194	0.0	0.17079999999999998	0.0156	0.0202	0.0	0.0	0.0	0.0	0.0	0.0				3.616727	$\gamma'$
900	0.7465999999999999	0.0	0.0287	0.0189	0.0	0.1702	0.0156	0.02	0.0	0.0	0.0	0.0	0.0	0.0				3.621727	$\gamma'$
1000	0.7424	0.0	0.0313	0.0168	0.0	0.1736	0.0159	0.0201	0.0	0.0	0.0	0.0	0.0	0.0				3.628203	$\gamma'$
1100	0.7391	0.0	0.031400000000000004	0.0139	0.0	0.1796	0.0159	0.0201	0.0	0.0	0.0	0.0	0.0	0.0				3.634257	$\gamma'$
25	0.7383	0.0	0.0312	0.0243	0.0	0.1697	0.0	0.0	0.0365	0.0	0.0	0.0	0.0	0.0				3.587562	$\gamma'$
300	0.7383	0.0	0.0312	0.0243	0.0	0.1697	0.0	0.0	0.0365	0.0	0.0	0.0	0.0	0.0				3.5968440000000004	$\gamma'$
500	0.7383	0.0	0.0312	0.0243	0.0	0.1697	0.0	0.0	0.0365	0.0	0.0	0.0	0.0	0.0				3.605117	$\gamma'$
600	0.7383	0.0	0.0312	0.0243	0.0	0.1697	0.0	0.0	0.0365	0.0	0.0	0.0	0.0	0.0				3.60942	$\gamma'$
700	0.7383	0.0	0.0312	0.0243	0.0	0.1697	0.0	0.0	0.0365	0.0	0.0	0.0	0.0	0.0				3.613934	$\gamma'$
800	0.7383	0.0	0.0312	0.0243	0.0	0.1697	0.0	0.0	0.0365	0.0	0.0	0.0	0.0	0.0				3.619022	$\gamma'$
900	0.7359	0.0	0.0335	0.0235	0.0	0.17	0.0	0.0	0.037000000000000005	0.0	0.0	0.0	0.0	0.0				3.624702	$\gamma'$
1000	0.7317	0.0	0.0369	0.0216	0.0	0.17129999999999998	0.0	0.0	0.0386	0.0	0.0	0.0	0.0	0.0				3.630489	$\gamma'$
1100	0.7282	0.0	0.0386	0.019	0.0	0.1726	0.0	0.0	0.0417	0.0	0.0	0.0	0.0	0.0				3.636796	$\gamma'$
25	0.7453	0.0	0.0217	0.0276	0.0	0.17859999999999998	0.0	0.0	0.0255	0.0014000000000000002	0.0	0.0	0.0	0.0				3.580286	$\gamma'$
300	0.7453	0.0	0.0217	0.0276	0.0	0.17859999999999998	0.0	0.0	0.0255	0.0014000000000000002	0.0	0.0	0.0	0.0				3.5928720000000003	$\gamma'$
500	0.7453	0.0	0.0217	0.0276	0.0	0.17859999999999998	0.0	0.0	0.0255	0.0014000000000000002	0.0	0.0	0.0	0.0				3.600916	$\gamma'$
600	0.7453	0.0	0.0217	0.0276	0.0	0.17859999999999998	0.0	0.0	0.0255	0.0014000000000000002	0.0	0.0	0.0	0.0				3.605932	$\gamma'$
700	0.7453	0.0	0.0217	0.0276	0.0	0.17859999999999998	0.0	0.0	0.0255	0.0014000000000000002	0.0	0.0	0.0	0.0				3.610147	$\gamma'$
800	0.7453	0.0	0.0217	0.0276	0.0	0.17859999999999998	0.0	0.0	0.0255	0.0014000000000000002	0.0	0.0	0.0	0.0				3.615583	$\gamma'$
900	0.7431	0.0	0.023	0.0264	0.0	0.18	0.0	0.0	0.0261	0.0014000000000000002	0.0	0.0	0.0	0.0				3.620815	$\gamma'$
1000	0.7387	0.0	0.0248	0.0234	0.0	0.1834	0.0	0.0	0.0281	0.0016	0.0	0.0	0.0	0.0				3.626531	$\gamma'$
1100	0.7363	0.0	0.0255	0.0199	0.0	0.1846	0.0	0.0	0.0318	0.0018	0.0	0.0	0.0	0.0				3.63244	$\gamma'$
25	0.7037	0.039	0.0249	0.0243	0.0	0.17120000000000002	0.0	0.0	0.037000000000000005	0.0	0.0	0.0	0.0	0.0				3.584801	$\gamma'$
300	0.7037	0.039	0.0249	0.0243	0.0	0.17120000000000002	0.0	0.0	0.037000000000000005	0.0	0.0	0.0	0.0	0.0				3.595847	$\gamma'$
500	0.7037	0.039	0.0249	0.0243	0.0	0.17120000000000002	0.0	0.0	0.037000000000000005	0.0	0.0	0.0	0.0	0.0				3.605436	$\gamma'$
600	0.7037	0.039	0.0249	0.0243	0.0	0.17120000000000002	0.0	0.0	0.037000000000000005	0.0	0.0	0.0	0.0	0.0				3.609391000000001	$\gamma'$
700	0.7037	0.039	0.0249	0.0243	0.0	0.17120000000000002	0.0	0.0	0.037000000000000005	0.0	0.0	0.0	0.0	0.0				3.613884	$\gamma'$
800	0.7037	0.039	0.0249	0.0243	0.0	0.17120000000000002	0.0	0.0	0.037000000000000005	0.0	0.0	0.0	0.0	0.0				3.618264	$\gamma'$
900	0.7001999999999999	0.040999999999999995	0.0267	0.0236	0.0	0.171	0.0	0.0	0.0375	0.0	0.0	0.0	0.0	0.0				3.623948	$\gamma'$
1000	0.6933	0.0434	0.0286	0.0211	0.0	0.1736	0.0	0.0	0.039900000000000005	0.0	0.0	0.0	0.0	0.0				3.630753	$\gamma'$
25	0.7390000000000001	0.0	0.075	0.0	0.0	0.18600000000000005	0.0	0.0	0.0	0.0	0.0	0.0	0.0	0.0				3.5519	$\gamma'$
25	0.748	0.0	0.049	0.0	0.0	0.203	0.0	0.0	0.0	0.0	0.0	0.0	0.0	0.0				3.5532	$\gamma'$
25	0.738	0.0	0.027999999999999997	0.0	0.0	0.23399999999999999	0.0	0.0	0.0	0.0	0.0	0.0	0.0	0.0				3.5579	$\gamma'$
25	0.74	0.0	0.0	0.0	0.0	0.26	0.0	0.0	0.0	0.0	0.0	0.0	0.0	0.0				3.56	$\gamma'$
25	0.7190000000000001	0.0	0.094	0.0	0.0	0.187	0.0	0.0	0.0	0.0	0.0	0.0	0.0	0.0				3.5515	$\gamma'$
25	0.6859999999999999	0.0	0.175	0.0	0.0	0.139	0.0	0.0	0.0	0.0	0.0	0.0	0.0	0.0				3.5537	$\gamma'$
25	0.6890000000000001	0.0	0.151	0.0	0.0	0.16	0.0	0.0	0.0	0.0	0.0	0.0	0.0	0.0				3.5556	$\gamma'$
25	0.698	0.0	0.126	0.0	0.0	0.17600000000000002	0.0	0.0	0.0	0.0	0.0	0.0	0.0	0.0				3.5564	$\gamma'$
25	0.688	0.0	0.102	0.0	0.0	0.21	0.0	0.0	0.0	0.0	0.0	0.0	0.0	0.0				3.5593	$\gamma'$
25	0.643	0.0	0.16699999999999998	0.0	0.0	0.19	0.0	0.0	0.0	0.0	0.0	0.0	0.0	0.0				3.557	$\gamma'$
25	0.626	0.0	0.161	0.0	0.0	0.213	0.0	0.0	0.0	0.0	0.0	0.0	0.0	0.0				3.5585	$\gamma'$
25	0.75	0.0	0.0	0.0	0.0	0.25	0.0	0.0	0.0	0.0	0.0	0.0	0.0	0.0				3.567	$\gamma'$
25	0.75	0.0	0.0	0.0	0.0	0.25	0.0	0.0	0.0	0.0	0.0	0.0	0.0	0.0				3.5655	$\gamma'$
25	0.75	0.0	0.0	0.0	0.0	0.25	0.0	0.0	0.0	0.0	0.0	0.0	0.0	0.0				3.5715	$\gamma'$
25	0.75	0.0	0.0	0.0	0.0	0.25	0.0	0.0	0.0	0.0	0.0	0.0	0.0	0.0				3.5708	$\gamma'$
25	0.75	0.0	0.0	0.0	0.0	0.25	0.0	0.0	0.0	0.0	0.0	0.0	0.0	0.0				3.5709	$\gamma'$
25	0.75	0.0	0.0	0.0	0.0	0.25	0.0	0.0	0.0	0.0	0.0	0.0	0.0	0.0				3.5709	$\gamma'$
25	0.75	0.0	0.0	0.0	0.0	0.25	0.0	0.0	0.0	0.0	0.0	0.0	0.0	0.0				3.5705	$\gamma'$
25	0.75	0.0	0.0	0.0	0.0	0.25	0.0	0.0	0.0	0.0	0.0	0.0	0.0	0.0				3.5702	$\gamma'$
25	0.75	0.0	0.0	0.0	0.0	0.25	0.0	0.0	0.0	0.0	0.0	0.0	0.0	0.0				3.5706	$\gamma'$
25	0.75	0.0	0.0	0.0	0.0	0.25	0.0	0.0	0.0	0.0	0.0	0.0	0.0	0.0				3.5702	$\gamma'$
25	0.75	0.0	0.0	0.0	0.0	0.25	0.0	0.0	0.0	0.0	0.0	0.0	0.0	0.0				3.5709	$\gamma'$
25	0.75	0.0	0.0	0.0	0.0	0.25	0.0	0.0	0.0	0.0	0.0	0.0	0.0	0.0				3.5721	$\gamma'$
25	0.75	0.0	0.05	0.0	0.0	0.2	0.0	0.0	0.0	0.0	0.0	0.0	0.0	0.0				3.563	$\gamma'$
25	0.75	0.0	0.1	0.0	0.0	0.15	0.0	0.0	0.0	0.0	0.0	0.0	0.0	0.0				3.562	$\gamma'$
25	0.32	0.0	0.0	0.0	0.0	0.04	0.0	0.0	0.0	0.0	0.0	0.0	0.64	0.0				3.5856	$\gamma'$
25	0.38	0.0	0.0	0.0	0.0	0.05	0.0	0.0	0.0	0.0	0.0	0.0	0.57	0.0				3.5886	$\gamma'$
25	0.7	0.0	0.0	0.0	0.0	0.05	0.0	0.0	0.0	0.0	0.0	0.0	0.25	0.0				3.5573	$\gamma'$
25	0.7	0.0	0.0	0.0	0.0	0.05	0.0	0.0	0.0	0.0	0.0	0.0	0.25	0.0				3.5573	$\gamma'$
25	0.7	0.0	0.0	0.0	0.0	0.125	0.0	0.0	0.0	0.0	0.0	0.0	0.175	0.0				3.5621	$\gamma'$
25	0.75	0.0	0.0	0.0	0.0	0.2	0.0	0.0	0.0	0.0	0.0	0.0	0.05	0.0				3.5654	$\gamma'$
25	0.7	0.0	0.0	0.0	0.0	0.2	0.0	0.0	0.0	0.0	0.0	0.0	0.1	0.0				3.5736	$\gamma'$
25	0.6	0.0	0.0	0.0	0.0	0.1	0.0	0.0	0.0	0.0	0.0	0.0	0.3	0.0				3.575	$\gamma'$
25	0.85	0.0	0.0	0.0	0.0	0.1	0.0	0.0	0.0	0.0	0.0	0.0	0.05	0.0				3.5404	$\gamma'$
25	0.735	0.0	0.0	0.015	0.0	0.25	0.0	0.0	0.0	0.0	0.0	0.0	0.0	0.0				3.572	$\gamma'$
25	0.75	0.0	0.0	0.015	0.0	0.235	0.0	0.0	0.0	0.0	0.0	0.0	0.0	0.0				3.568	$\gamma'$
25	0.741	0.0	0.0	0.0	0.0	0.259	0.0	0.0	0.0	0.0	0.0	0.0	0.0	0.0				3.5599	$\gamma'$
25	0.748	0.0	0.0	0.0	0.0	0.19399999999999998	0.057999999999999996	0.0	0.0	0.0	0.0	0.0	0.0	0.0				3.57	$\gamma'$
25	0.746	0.0	0.0	0.0	0.0	0.155	0.099	0.0	0.0	0.0	0.0	0.0	0.0	0.0				3.576	$\gamma'$
25	0.7440000000000001	0.0	0.0	0.0	0.0	0.106	0.15	0.0	0.0	0.0	0.0	0.0	0.0	0.0				3.5819	$\gamma'$
25	0.7440000000000001	0.0	0.0	0.0	0.0	0.055999999999999994	0.2	0.0	0.0	0.0	0.0	0.0	0.0	0.0				3.5827	$\gamma'$
25	0.75	0.0	0.0	0.0	0.0	0.0	0.0	0.0	0.0	0.0	0.0	0.0	0.25	0.0				3.5523	$\gamma'$
25	0.7020000000000001	0.0	0.0	0.0	0.0	0.0	0.0	0.0	0.0	0.0	0.0	0.0	0.0	0.298				3.5778	$\gamma'$
25	0.711	0.0	0.0	0.0	0.0	0.0	0.0	0.0	0.0	0.0	0.0	0.0	0.0	0.289				3.5751	$\gamma'$
25	0.75	0.25	0.0	0.0	0.0	0.0	0.0	0.0	0.0	0.0	0.0	0.0	0.0	0.0				3.5318	$\gamma'$
25	0.75	0.0	0.25	0.0	0.0	0.0	0.0	0.0	0.0	0.0	0.0	0.0	0.0	0.0				3.572	$\gamma'$
25	0.75	0.0	0.0	0.0	0.0	0.0	0.0	0.0	0.0	0.0	0.0	0.0	0.0	0.25				3.585	$\gamma'$
25	0.75	0.0	0.0	0.0	0.0	0.0	0.0	0.0	0.0	0.0	0.0	0.0	0.0	0.25				3.5849	$\gamma'$
25	0.75	0.0	0.0	0.0	0.0	0.0	0.0	0.0	0.0	0.0	0.0	0.0	0.0	0.25				3.583	$\gamma'$
25	0.75	0.0	0.0	0.0	0.0	0.0	0.0	0.0	0.0	0.0	0.0	0.0	0.0	0.25				3.5834	$\gamma'$
25	0.75	0.0	0.0	0.0	0.0	0.0	0.0	0.0	0.0	0.0	0.0	0.0	0.0	0.25				3.5834	$\gamma'$
25	0.75	0.0	0.0	0.0	0.0	0.0	0.0	0.0	0.0	0.0	0.0	0.0	0.0	0.25				3.5841	$\gamma'$
25	0.75	0.0	0.0	0.0	0.0	0.0	0.0	0.0	0.0	0.0	0.0	0.0	0.0	0.25				3.5843	$\gamma'$
25	0.75	0.0	0.0	0.0	0.0	0.2305	0.0195	0.0	0.0	0.0	0.0	0.0	0.0	0.0				3.5772	$\gamma'$
25	0.75	0.0	0.0	0.0	0.0	0.2101	0.039900000000000005	0.0	0.0	0.0	0.0	0.0	0.0	0.0				3.582	$\gamma'$
25	0.75	0.0	0.0	0.0	0.0	0.1912	0.0588	0.0	0.0	0.0	0.0	0.0	0.0	0.0				3.5865	$\gamma'$
25	0.75	0.0	0.0	0.0	0.0	0.1702	0.07980000000000001	0.0	0.0	0.0	0.0	0.0	0.0	0.0				3.5901	$\gamma'$
25	0.75	0.0	0.0	0.0	0.0	0.15	0.1	0.0	0.0	0.0	0.0	0.0	0.0	0.0				3.5944	$\gamma'$
25	0.75	0.0	0.0	0.0	0.0	0.1309	0.1191	0.0	0.0	0.0	0.0	0.0	0.0	0.0				3.6007	$\gamma'$
25	0.75	0.0	0.0	0.0	0.0	0.23981	0.0	0.0	0.0	0.010190000000000001	0.0	0.0	0.0	0.0				3.579	$\gamma'$
25	0.75	0.0	0.0	0.0	0.0	0.22962	0.0	0.0	0.0	0.020380000000000002	0.0	0.0	0.0	0.0				3.5860000000000003	$\gamma'$
25	0.75	0.0	0.0	0.0	0.0	0.20962	0.0	0.0	0.0	0.04038	0.0	0.0	0.0	0.0				3.5986	$\gamma'$
25	0.75	0.0	0.0	0.0	0.0	0.22038	0.0	0.0	0.0	0.02962	0.0	0.0	0.0	0.0				3.614	$\gamma'$
25	0.75	0.0	0.0	0.0	0.0	0.22954	0.0	0.02046	0.0	0.0	0.0	0.0	0.0	0.0				3.5787	$\gamma'$
25	0.75	0.0	0.0	0.0	0.0	0.20019	0.0	0.04981	0.0	0.0	0.0	0.0	0.0	0.0				3.5933	$\gamma'$
25	0.75	0.0	0.0	0.0	0.0	0.1697	0.0	0.0803	0.0	0.0	0.0	0.0	0.0	0.0				3.6078	$\gamma'$
25	0.75	0.0	0.0	0.0	0.0	0.23	0.0	0.0	0.02	0.0	0.0	0.0	0.0	0.0				3.5802	$\gamma'$
25	0.75	0.0	0.0	0.0	0.0	0.2	0.0	0.0	0.05	0.0	0.0	0.0	0.0	0.0				3.5949	$\gamma'$
25	0.75	0.0	0.0	0.0	0.0	0.16981	0.0	0.0	0.08019	0.0	0.0	0.0	0.0	0.0				3.6101	$\gamma'$
25	0.75	0.0	0.01944	0.0	0.0	0.23056	0.0	0.0	0.0	0.0	0.0	0.0	0.0	0.0				3.5716	$\gamma'$
25	0.75	0.0	0.03944	0.0	0.0	0.21056	0.0	0.0	0.0	0.0	0.0	0.0	0.0	0.0				3.571	$\gamma'$
25	0.75	0.0	0.0	0.01982	0.0	0.23018	0.0	0.0	0.0	0.0	0.0	0.0	0.0	0.0				3.5722	$\gamma'$
25	0.75	0.0	0.0	0.02907	0.0	0.22093000000000004	0.0	0.0	0.0	0.0	0.0	0.0	0.0	0.0				3.5742	$\gamma'$
25	0.75	0.0	0.0	0.03965	0.0	0.21035	0.0	0.0	0.0	0.0	0.0	0.0	0.0	0.0				3.5764	$\gamma'$
25	0.75	0.0	0.0	0.0	0.01096	0.23904	0.0	0.0	0.0	0.0	0.0	0.0	0.0	0.0				3.573	$\gamma'$
25	0.75	0.0	0.0	0.0	0.02192	0.2280800000000001	0.0	0.0	0.0	0.0	0.0	0.0	0.0	0.0				3.5744	$\gamma'$
25	0.75	0.0	0.0	0.0	0.03288	0.21712	0.0	0.0	0.0	0.0	0.0	0.0	0.0	0.0				3.5783	$\gamma'$
25	0.67912	0.07088	0.0	0.0	0.0	0.25	0.0	0.0	0.0	0.0	0.0	0.0	0.0	0.0				3.5684	$\gamma'$
25	0.59835	0.15164999999999998	0.0	0.0	0.0	0.25	0.0	0.0	0.0	0.0	0.0	0.0	0.0	0.0				3.5712	$\gamma'$
25	0.75	0.0	0.0	0.0	0.0	0.0	0.0195	0.0	0.0	0.0	0.0	0.0	0.0	0.2305				3.5866	$\gamma'$
25	0.75	0.0	0.0	0.0	0.0	0.0	0.039900000000000005	0.0	0.0	0.0	0.0	0.0	0.0	0.2101				3.5885	$\gamma'$
25	0.75	0.0	0.0	0.0	0.0	0.0	0.07980000000000001	0.0	0.0	0.0	0.0	0.0	0.0	0.1702				3.5933	$\gamma'$
25	0.75	0.0	0.0	0.0	0.0	0.0	0.1191	0.0	0.0	0.0	0.0	0.0	0.0	0.1309				3.6010000000000004	$\gamma'$
25	0.75	0.0	0.0	0.0	0.0	0.23	0.0	0.0	0.0	0.0	0.0	0.02	0.0	0.0				3.569	$\gamma'$
25	0.75	0.0	0.0	0.0	0.0	0.1992	0.0	0.0	0.0	0.0	0.0	0.0508	0.0	0.0				3.567	$\gamma'$
25	0.75	0.0	0.0	0.0	0.0	0.16940000000000002	0.0	0.0	0.0	0.0	0.0	0.0806	0.0	0.0				3.5660000000000003	$\gamma'$
25	0.75	0.0	0.0	0.0	0.0	0.0	0.0	0.0	0.0	0.0	0.0	0.0385	0.0	0.2115				3.579	$\gamma'$
25	0.75	0.0	0.0	0.0	0.0	0.0	0.0	0.0	0.0	0.0	0.0	0.0577	0.0	0.1923				3.5745	$\gamma'$
25	0.75	0.0	0.0	0.0	0.0	0.0	0.0	0.0	0.0	0.0	0.0	0.0788	0.0	0.17120000000000002				3.5735	$\gamma'$
25	0.75	0.0	0.0	0.0	0.0	0.0	0.0	0.0	0.0	0.0	0.0	0.1	0.0	0.15				3.57	$\gamma'$
25	0.75	0.0	0.0	0.0	0.0	0.0	0.0	0.0198	0.0	0.0	0.0	0.0	0.0	0.2302				3.59	$\gamma'$
25	0.75	0.0	0.0	0.0	0.0	0.0	0.0	0.0404	0.0	0.0	0.0	0.0	0.0	0.2096				3.5975	$\gamma'$
25	0.75	0.0	0.0	0.0	0.0	0.0	0.0	0.0606	0.0	0.0	0.0	0.0	0.0	0.1894				3.6057	$\gamma'$
25	0.75	0.0	0.0	0.0	0.0	0.0	0.0	0.0	0.0295	0.0	0.0	0.0	0.0	0.2205				3.5902	$\gamma'$
25	0.75	0.0	0.0	0.0	0.0	0.0	0.0	0.0	0.0779	0.0	0.0	0.0	0.0	0.1721				3.6082	$\gamma'$
25	0.75	0.0	0.0	0.0	0.0	0.0	0.0	0.0	0.1014	0.0	0.0	0.0	0.0	0.14859999999999998				3.6139	$\gamma'$
25	0.75	0.0	0.0	0.0202	0.0	0.0	0.0	0.0	0.0	0.0	0.0	0.0	0.0	0.2298				3.5851	$\gamma'$
25	0.75	0.0	0.0	0.0406	0.0	0.0	0.0	0.0	0.0	0.0	0.0	0.0	0.0	0.2094				3.5869	$\gamma'$
25	0.75	0.0	0.0	0.0	0.0	0.0589	0.0	0.0	0.0	0.0	0.0	0.0	0.0	0.1911				3.5784	$\gamma'$
25	0.75	0.0	0.0	0.0	0.0	0.1227	0.0	0.0	0.0	0.0	0.0	0.0	0.0	0.1273				3.5781	$\gamma'$
25	0.75	0.0	0.0	0.0	0.0	0.1866	0.0	0.0	0.0	0.0	0.0	0.0	0.0	0.0634				3.5765	$\gamma'$
20	0.7486	0.0	0.0	0.0482	0.0	0.17579999999999998	0.0	0.0	0.0274	0.0	0.0	0.0	0.0	0.0				3.5861	$\gamma'$
100	0.7486	0.0	0.0	0.0482	0.0	0.17579999999999998	0.0	0.0	0.0274	0.0	0.0	0.0	0.0	0.0				3.5893	$\gamma'$
200	0.7486	0.0	0.0	0.0482	0.0	0.17579999999999998	0.0	0.0	0.0274	0.0	0.0	0.0	0.0	0.0				3.594	$\gamma'$
300	0.7486	0.0	0.0	0.0482	0.0	0.17579999999999998	0.0	0.0	0.0274	0.0	0.0	0.0	0.0	0.0				3.5978	$\gamma'$
400	0.7486	0.0	0.0	0.0482	0.0	0.17579999999999998	0.0	0.0	0.0274	0.0	0.0	0.0	0.0	0.0				3.6021	$\gamma'$
500	0.7486	0.0	0.0	0.0482	0.0	0.17579999999999998	0.0	0.0	0.0274	0.0	0.0	0.0	0.0	0.0				3.6068	$\gamma'$
600	0.7486	0.0	0.0	0.0482	0.0	0.17579999999999998	0.0	0.0	0.0274	0.0	0.0	0.0	0.0	0.0				3.6094	$\gamma'$
800	0.7486	0.0	0.0	0.0482	0.0	0.17579999999999998	0.0	0.0	0.0274	0.0	0.0	0.0	0.0	0.0				3.6205	$\gamma'$
850	0.7486	0.0	0.0	0.0482	0.0	0.17579999999999998	0.0	0.0	0.0274	0.0	0.0	0.0	0.0	0.0				3.622	$\gamma'$
900	0.7471	0.0	0.0	0.0461	0.0	0.1788	0.0	0.0	0.027999999999999997	0.0	0.0	0.0	0.0	0.0				3.6259	$\gamma'$
950	0.7465999999999999	0.0	0.0	0.0441	0.0	0.1809	0.0	0.0	0.0284	0.0	0.0	0.0	0.0	0.0				3.6286	$\gamma'$
1000	0.745	0.0	0.0	0.0418	0.0	0.1837	0.0	0.0	0.0295	0.0	0.0	0.0	0.0	0.0				3.6319	$\gamma'$
20	0.7403	0.0	0.027999999999999997	0.0031	0.0275	0.1648	0.0213	0.0	0.015	0.0	0.0	0.0	0.0	0.0				3.5826	$\gamma'$
100	0.7403	0.0	0.027999999999999997	0.0031	0.0275	0.1648	0.0213	0.0	0.015	0.0	0.0	0.0	0.0	0.0				3.5859	$\gamma'$
200	0.7403	0.0	0.027999999999999997	0.0031	0.0275	0.1648	0.0213	0.0	0.015	0.0	0.0	0.0	0.0	0.0				3.5909	$\gamma'$
400	0.7403	0.0	0.027999999999999997	0.0031	0.0275	0.1648	0.0213	0.0	0.015	0.0	0.0	0.0	0.0	0.0				3.6004	$\gamma'$
850	0.7403	0.0	0.027999999999999997	0.0031	0.0275	0.1648	0.0213	0.0	0.015	0.0	0.0	0.0	0.0	0.0				3.624	$\gamma'$
900	0.7345999999999999	0.0	0.0289	0.0029	0.0267	0.1693	0.0219	0.0	0.0156	0.0	0.0	0.0	0.0	0.0				3.6267	$\gamma'$
950	0.7353000000000001	0.0	0.0325	0.0029	0.0267	0.1657	0.0214	0.0	0.0155	0.0	0.0	0.0	0.0	0.0				3.6267	$\gamma'$
20	0.7138	0.0277	0.0255	0.0019	0.0274	0.1641	0.0255	0.0	0.0141	0.0	0.0	0.0	0.0	0.0				3.5811	$\gamma'$
100	0.7138	0.0277	0.0255	0.0019	0.0274	0.1641	0.0255	0.0	0.0141	0.0	0.0	0.0	0.0	0.0				3.5845	$\gamma'$
200	0.7138	0.0277	0.0255	0.0019	0.0274	0.1641	0.0255	0.0	0.0141	0.0	0.0	0.0	0.0	0.0				3.5894	$\gamma'$
300	0.7138	0.0277	0.0255	0.0019	0.0274	0.1641	0.0255	0.0	0.0141	0.0	0.0	0.0	0.0	0.0				3.5933	$\gamma'$
400	0.7138	0.0277	0.0255	0.0019	0.0274	0.1641	0.0255	0.0	0.0141	0.0	0.0	0.0	0.0	0.0				3.5991	$\gamma'$
500	0.7138	0.0277	0.0255	0.0019	0.0274	0.1641	0.0255	0.0	0.0141	0.0	0.0	0.0	0.0	0.0				3.6039	$\gamma'$
600	0.7138	0.0277	0.0255	0.0019	0.0274	0.1641	0.0255	0.0	0.0141	0.0	0.0	0.0	0.0	0.0				3.6086	$\gamma'$
700	0.7138	0.0277	0.0255	0.0019	0.0274	0.1641	0.0255	0.0	0.0141	0.0	0.0	0.0	0.0	0.0				3.6145	$\gamma'$
800	0.7138	0.0277	0.0255	0.0019	0.0274	0.1641	0.0255	0.0	0.0141	0.0	0.0	0.0	0.0	0.0				3.6202	$\gamma'$
850	0.7138	0.0277	0.0255	0.0019	0.0274	0.1641	0.0255	0.0	0.0141	0.0	0.0	0.0	0.0	0.0				3.6233	$\gamma'$
900	0.7106	0.0295	0.0281	0.0018	0.0271	0.16329999999999995	0.0254	0.0	0.0142	0.0	0.0	0.0	0.0	0.0				3.6262	$\gamma'$
950	0.6962999999999999	0.0307	0.0396	0.0017	0.0266	0.1647	0.0257	0.0	0.0147	0.0	0.0	0.0	0.0	0.0				3.6296	$\gamma'$
1000	0.7039	0.0319	0.0312	0.0017	0.0261	0.16440000000000002	0.0256	0.0	0.0152	0.0	0.0	0.0	0.0	0.0				3.6332	$\gamma'$
20	0.75	0.0	0.0	0.0	0.0	0.25	0.0	0.0	0.0	0.0	0.0	0.0	0.0	0.0				3.5655	$\gamma'$
20	0.75	0.0	0.0	0.0	0.0	0.25	0.0	0.0	0.0	0.0	0.0	0.0	0.0	0.0				3.5660000000000003	$\gamma'$
20	0.75	0.0	0.0	0.0	0.0	0.25	0.0	0.0	0.0	0.0	0.0	0.0	0.0	0.0				3.57	$\gamma'$
20	0.67	0.0	0.08	0.0	0.0	0.25	0.0	0.0	0.0	0.0	0.0	0.0	0.0	0.0				3.57	$\gamma'$
20	0.75	0.0	0.025	0.0	0.0	0.225	0.0	0.0	0.0	0.0	0.0	0.0	0.0	0.0				3.563	$\gamma'$
20	0.75	0.0	0.1	0.0	0.0	0.15	0.0	0.0	0.0	0.0	0.0	0.0	0.0	0.0				3.57	$\gamma'$
20	0.75	0.0	0.0	0.04	0.0	0.21	0.0	0.0	0.0	0.0	0.0	0.0	0.0	0.0				3.5780000000000003	$\gamma'$
20	0.735	0.0	0.0	0.015	0.0	0.25	0.0	0.0	0.0	0.0	0.0	0.0	0.0	0.0				3.572	$\gamma'$
20	0.75	0.0	0.0	0.0	0.0	0.17	0.0	0.0	0.08	0.0	0.0	0.0	0.0	0.0				3.61	$\gamma'$
20	0.7495	0.0	0.0	0.0	0.0	0.163	0.0	0.0	0.0875	0.0	0.0	0.0	0.0	0.0				3.624	$\gamma'$
20	0.747	0.0	0.0	0.0	0.0	0.198	0.0	0.0	0.055	0.0	0.0	0.0	0.0	0.0				3.59	$\gamma'$
20	0.75	0.0	0.0	0.0	0.0	0.175	0.0	0.0	0.075	0.0	0.0	0.0	0.0	0.0				3.603	$\gamma'$
20	0.78	0.0	0.0	0.0	0.0	0.131	0.0	0.0	0.08900000000000001	0.0	0.0	0.0	0.0	0.0				3.608	$\gamma'$
20	0.75	0.0	0.0	0.0	0.0	0.2	0.05	0.0	0.0	0.0	0.0	0.0	0.0	0.0				3.58	$\gamma'$
20	0.75	0.0	0.0	0.0	0.0	0.15	0.1	0.0	0.0	0.0	0.0	0.0	0.0	0.0				3.589	$\gamma'$
20	0.75	0.0	0.0	0.0	0.0	0.1	0.15	0.0	0.0	0.0	0.0	0.0	0.0	0.0				3.59	$\gamma'$
20	0.75	0.0	0.0	0.0	0.0	0.125	0.125	0.0	0.0	0.0	0.0	0.0	0.0	0.0				3.582	$\gamma'$
20	0.75	0.0	0.0	0.0	0.0	0.13	0.12	0.0	0.0	0.0	0.0	0.0	0.0	0.0				3.6	$\gamma'$
20	0.75	0.0	0.0	0.0	0.03	0.22	0.0	0.0	0.0	0.0	0.0	0.0	0.0	0.0				3.5780000000000003	$\gamma'$
