Temp	Nickel	Cobalt	Chromium	Molybdenum	Tungsten	Aluminium	Titanium	Niobium	Tantalum	Hafnium	Rhenium	Vanadium	Ferrite	Galium	AlphaGammaPrime
25	0.6788	0.0654	0.0236	0.002	0.0178	0.1631	0.0172	0.0	0.0291	0.0005	0.0025	0.0	0.0	0.0	3.585033
500	0.6788	0.0654	0.0236	0.002	0.0178	0.1631	0.0172	0.0	0.0291	0.0005	0.0025	0.0	0.0	0.0	3.604772
800	0.6788	0.0654	0.0236	0.002	0.0178	0.1631	0.0172	0.0	0.0291	0.0005	0.0025	0.0	0.0	0.0	3.61951
900	0.674	0.06860000000000001	0.0255	0.002	0.0176	0.16269999999999998	0.0172	0.0	0.0295	0.0005	0.0024	0.0	0.0	0.0	3.625986
1000	0.6657	0.0725	0.0274	0.0017	0.017	0.1642	0.0176	0.0	0.031400000000000004	0.0005	0.002	0.0	0.0	0.0	3.6332370000000003
1100	0.6596	0.07440000000000001	0.027000000000000003	0.0015	0.016	0.16579999999999998	0.0177	0.0	0.0358	0.0006	0.0016	0.0	0.0	0.0	3.638692
25	0.7403	0.0	0.028	0.0031	0.0275	0.1648	0.0213	0.0	0.015	0.0	0.0	0.0	0.0	0.0	3.580195
300	0.7403	0.0	0.028	0.0031	0.0275	0.1648	0.0213	0.0	0.015	0.0	0.0	0.0	0.0	0.0	3.598168
500	0.7403	0.0	0.028	0.0031	0.0275	0.1648	0.0213	0.0	0.015	0.0	0.0	0.0	0.0	0.0	3.603167
600	0.7403	0.0	0.028	0.0031	0.0275	0.1648	0.0213	0.0	0.015	0.0	0.0	0.0	0.0	0.0	3.6104559999999997
700	0.7403	0.0	0.028	0.0031	0.0275	0.1648	0.0213	0.0	0.015	0.0	0.0	0.0	0.0	0.0	3.615599
800	0.7403	0.0	0.028	0.0031	0.0275	0.1648	0.0213	0.0	0.015	0.0	0.0	0.0	0.0	0.0	3.6216589999999997
900	0.7379000000000001	0.0	0.0306	0.003	0.0272	0.1649	0.0213	0.0	0.0151	0.0	0.0	0.0	0.0	0.0	3.6216589999999997
1000	0.7329000000000001	0.0	0.0339	0.0028000000000000004	0.0262	0.16690000000000002	0.0214	0.0	0.016	0.0	0.0	0.0	0.0	0.0	3.627395
1100	0.7295999999999999	0.0	0.0352	0.0024	0.024700000000000003	0.16949999999999998	0.0209	0.0	0.0176	0.0	0.0	0.0	0.0	0.0	3.633889
25	0.6694	0.0755	0.026	0.0079	0.0	0.1512	0.0701	0.0	0.0	0.0	0.0	0.0	0.0	0.0	3.579428
300	0.6694	0.0755	0.026	0.0079	0.0	0.1512	0.0701	0.0	0.0	0.0	0.0	0.0	0.0	0.0	3.5926669999999996
500	0.6694	0.0755	0.026	0.0079	0.0	0.1512	0.0701	0.0	0.0	0.0	0.0	0.0	0.0	0.0	3.601557
600	0.6694	0.0755	0.026	0.0079	0.0	0.1512	0.0701	0.0	0.0	0.0	0.0	0.0	0.0	0.0	3.606204
700	0.6694	0.0755	0.026	0.0079	0.0	0.1512	0.0701	0.0	0.0	0.0	0.0	0.0	0.0	0.0	3.611011
800	0.6694	0.0755	0.026	0.0079	0.0	0.1512	0.0701	0.0	0.0	0.0	0.0	0.0	0.0	0.0	3.6171620000000004
900	0.6635	0.0784	0.0274	0.0074	0.0	0.1508	0.0726	0.0	0.0	0.0	0.0	0.0	0.0	0.0	3.6238629999999996
1000	0.6577	0.0808	0.0278	0.0061	0.0	0.1481	0.0794	0.0	0.0	0.0	0.0	0.0	0.0	0.0	3.629081
25	0.7011	0.033	0.0363	0.0075	0.0218	0.1423	0.0326	0.0	0.0253	0.0	0.0	0.0	0.0	0.0	3.5825940000000003
300	0.7011	0.033	0.0363	0.0075	0.0218	0.1423	0.0326	0.0	0.0253	0.0	0.0	0.0	0.0	0.0	3.5953690000000003
500	0.7011	0.033	0.0363	0.0075	0.0218	0.1423	0.0326	0.0	0.0253	0.0	0.0	0.0	0.0	0.0	3.603504
600	0.7011	0.033	0.0363	0.0075	0.0218	0.1423	0.0326	0.0	0.0253	0.0	0.0	0.0	0.0	0.0	3.607628
700	0.7011	0.033	0.0363	0.0075	0.0218	0.1423	0.0326	0.0	0.0253	0.0	0.0	0.0	0.0	0.0	3.61269
800	0.7011	0.033	0.0363	0.0075	0.0218	0.1423	0.0326	0.0	0.0253	0.0	0.0	0.0	0.0	0.0	3.618543
900	0.6967	0.0344	0.0385	0.0073	0.0215	0.1431	0.0328	0.0	0.0256	0.0	0.0	0.0	0.0	0.0	3.623018
1000	0.6908	0.0366	0.0416	0.0067	0.0207	0.1444	0.0328	0.0	0.0265	0.0	0.0	0.0	0.0	0.0	3.623018
1100	0.6859000000000001	0.0377	0.0421	0.0059	0.0193	0.1481	0.032400000000000005	0.0	0.0286	0.0	0.0	0.0	0.0	0.0	3.6345099999999997
25	0.6878	0.0534	0.024	0.0	0.0487	0.16219999999999998	0.0	0.0	0.0239	0.0	0.0	0.0	0.0	0.0	3.5850690000000003
300	0.6878	0.0534	0.024	0.0	0.0487	0.16219999999999998	0.0	0.0	0.0239	0.0	0.0	0.0	0.0	0.0	3.5952230000000003
500	0.6878	0.0534	0.024	0.0	0.0487	0.16219999999999998	0.0	0.0	0.0239	0.0	0.0	0.0	0.0	0.0	3.6037339999999998
600	0.6878	0.0534	0.024	0.0	0.0487	0.16219999999999998	0.0	0.0	0.0239	0.0	0.0	0.0	0.0	0.0	3.6085260000000003
700	0.6878	0.0534	0.024	0.0	0.0487	0.16219999999999998	0.0	0.0	0.0239	0.0	0.0	0.0	0.0	0.0	3.612472
800	0.6878	0.0534	0.024	0.0	0.0487	0.16219999999999998	0.0	0.0	0.0239	0.0	0.0	0.0	0.0	0.0	3.617894
900	0.6827	0.0559	0.0259	0.0	0.0481	0.1632	0.0	0.0	0.0242	0.0	0.0	0.0	0.0	0.0	3.6241220000000003
25	0.7464	0.0	0.0183	0.0	0.0228	0.1848	0.0	0.0	0.0276	0.0	0.0	0.0	0.0	0.0	3.588568
300	0.7464	0.0	0.0183	0.0	0.0228	0.1848	0.0	0.0	0.0276	0.0	0.0	0.0	0.0	0.0	3.599393
500	0.7464	0.0	0.0183	0.0	0.0228	0.1848	0.0	0.0	0.0276	0.0	0.0	0.0	0.0	0.0	3.6078870000000003
600	0.7464	0.0	0.0183	0.0	0.0228	0.1848	0.0	0.0	0.0276	0.0	0.0	0.0	0.0	0.0	3.612228
700	0.7464	0.0	0.0183	0.0	0.0228	0.1848	0.0	0.0	0.0276	0.0	0.0	0.0	0.0	0.0	3.6167519999999995
800	0.7464	0.0	0.0183	0.0	0.0228	0.1848	0.0	0.0	0.0276	0.0	0.0	0.0	0.0	0.0	3.6219620000000003
900	0.7378	0.0	0.0264	0.0	0.0204	0.165	0.0	0.0	0.0504	0.0	0.0	0.0	0.0	0.0	3.6288739999999997
1000	0.7318000000000001	0.0	0.0306	0.0	0.0193	0.1662	0.0	0.0	0.052000000000000005	0.0	0.0	0.0	0.0	0.0	3.6358309999999996
1100	0.7284	0.0	0.0342	0.0	0.0183	0.1652	0.0	0.0	0.0539	0.0	0.0	0.0	0.0	0.0	3.640194
25	0.7442	0.0	0.0152	0.0	0.0309	0.17059999999999995	0.0	0.0	0.0392	0.0	0.0	0.0	0.0	0.0	3.5855370000000004
500	0.7442	0.0	0.0152	0.0	0.0309	0.17059999999999995	0.0	0.0	0.0392	0.0	0.0	0.0	0.0	0.0	3.60488
600	0.7442	0.0	0.0152	0.0	0.0309	0.17059999999999995	0.0	0.0	0.0392	0.0	0.0	0.0	0.0	0.0	3.6097669999999997
700	0.7442	0.0	0.0152	0.0	0.0309	0.17059999999999995	0.0	0.0	0.0392	0.0	0.0	0.0	0.0	0.0	3.614726
800	0.7442	0.0	0.0152	0.0	0.0309	0.17059999999999995	0.0	0.0	0.0392	0.0	0.0	0.0	0.0	0.0	3.618989
900	0.7421	0.0	0.0169	0.0	0.0304	0.1711	0.0	0.0	0.0396	0.0	0.0	0.0	0.0	0.0	3.6243849999999997
1000	0.7367	0.0	0.0196	0.0	0.029	0.1734	0.0	0.0	0.0412	0.0	0.0	0.0	0.0	0.0	3.630515
1100	0.733	0.0	0.0218	0.0	0.0272	0.1744	0.0	0.0	0.0436	0.0	0.0	0.0	0.0	0.0	3.636529
25	0.7422	0.0	0.0173	0.0	0.0239	0.1641	0.0	0.0	0.0525	0.0	0.0	0.0	0.0	0.0	3.5915800000000004
300	0.7422	0.0	0.0173	0.0	0.0239	0.1641	0.0	0.0	0.0525	0.0	0.0	0.0	0.0	0.0	3.602931
600	0.7422	0.0	0.0173	0.0	0.0239	0.1641	0.0	0.0	0.0525	0.0	0.0	0.0	0.0	0.0	3.6155019999999998
700	0.7422	0.0	0.0173	0.0	0.0239	0.1641	0.0	0.0	0.0525	0.0	0.0	0.0	0.0	0.0	3.619985
800	0.7422	0.0	0.0173	0.0	0.0239	0.1641	0.0	0.0	0.0525	0.0	0.0	0.0	0.0	0.0	3.6252269999999998
900	0.7392	0.0	0.019	0.0	0.0233	0.1654	0.0	0.0	0.0531	0.0	0.0	0.0	0.0	0.0	3.6308550000000004
1000	0.7351000000000001	0.0	0.0223	0.0	0.022400000000000003	0.166	0.0	0.0	0.0543	0.0	0.0	0.0	0.0	0.0	3.6358
1100	0.7312000000000001	0.0	0.024700000000000003	0.0	0.021	0.16690000000000002	0.0	0.0	0.0563	0.0	0.0	0.0	0.0	0.0	3.6411839999999995
25	0.7422	0.0	0.0148	0.0	0.017	0.1625	0.0	0.0	0.0634	0.0	0.0	0.0	0.0	0.0	3.591424
300	0.7422	0.0	0.0148	0.0	0.017	0.1625	0.0	0.0	0.0634	0.0	0.0	0.0	0.0	0.0	3.602238
500	0.7422	0.0	0.0148	0.0	0.017	0.1625	0.0	0.0	0.0634	0.0	0.0	0.0	0.0	0.0	3.610013
600	0.7422	0.0	0.0148	0.0	0.017	0.1625	0.0	0.0	0.0634	0.0	0.0	0.0	0.0	0.0	3.613979
700	0.7422	0.0	0.0148	0.0	0.017	0.1625	0.0	0.0	0.0634	0.0	0.0	0.0	0.0	0.0	3.618529
800	0.7422	0.0	0.0148	0.0	0.017	0.1625	0.0	0.0	0.0634	0.0	0.0	0.0	0.0	0.0	3.6237489999999997
900	0.7353000000000001	0.0	0.0195	0.0	0.0158	0.16390000000000002	0.0	0.0	0.0654	0.0	0.0	0.0	0.0	0.0	3.628782
1000	0.7353000000000001	0.0	0.0195	0.0	0.0158	0.16390000000000002	0.0	0.0	0.0654	0.0	0.0	0.0	0.0	0.0	3.6345660000000004
1100	0.731	0.0	0.022	0.0	0.0148	0.16440000000000002	0.0	0.0	0.0678	0.0	0.0	0.0	0.0	0.0	3.6405230000000004
25	0.6849	0.0565	0.0221	0.0067	0.0328	0.1597	0.0	0.0	0.0373	0.0	0.0	0.0	0.0	0.0	3.590035
300	0.6849	0.0565	0.0221	0.0067	0.0328	0.1597	0.0	0.0	0.0373	0.0	0.0	0.0	0.0	0.0	3.602699
500	0.6849	0.0565	0.0221	0.0067	0.0328	0.1597	0.0	0.0	0.0373	0.0	0.0	0.0	0.0	0.0	3.610235
600	0.6849	0.0565	0.0221	0.0067	0.0328	0.1597	0.0	0.0	0.0373	0.0	0.0	0.0	0.0	0.0	3.615079
700	0.6849	0.0565	0.0221	0.0067	0.0328	0.1597	0.0	0.0	0.0373	0.0	0.0	0.0	0.0	0.0	3.6193400000000002
800	0.6849	0.0565	0.0221	0.0067	0.0328	0.1597	0.0	0.0	0.0373	0.0	0.0	0.0	0.0	0.0	3.6235699999999995
900	0.6796	0.0593	0.0239	0.006500000000000001	0.032400000000000005	0.1606	0.0	0.0	0.0378	0.0	0.0	0.0	0.0	0.0	3.629258
1000	0.6708	0.0641	0.0268	0.006	0.0313	0.16210000000000002	0.0	0.0	0.039	0.0	0.0	0.0	0.0	0.0	3.635211
1100	0.6631999999999999	0.0679	0.0286	0.0054	0.0297	0.16399999999999998	0.0	0.0	0.0413	0.0	0.0	0.0	0.0	0.0	3.641508
25	0.6960999999999999	0.0493	0.0173	0.0	0.0289	0.1696	0.0	0.0	0.0368	0.0	0.0019	0.0	0.0	0.0	3.5870900000000003
300	0.6960999999999999	0.0493	0.0173	0.0	0.0289	0.1696	0.0	0.0	0.0368	0.0	0.0019	0.0	0.0	0.0	3.598329
500	0.6960999999999999	0.0493	0.0173	0.0	0.0289	0.1696	0.0	0.0	0.0368	0.0	0.0019	0.0	0.0	0.0	3.606449
600	0.6960999999999999	0.0493	0.0173	0.0	0.0289	0.1696	0.0	0.0	0.0368	0.0	0.0019	0.0	0.0	0.0	3.610975
700	0.6960999999999999	0.0493	0.0173	0.0	0.0289	0.1696	0.0	0.0	0.0368	0.0	0.0019	0.0	0.0	0.0	3.6160069999999997
800	0.6960999999999999	0.0493	0.0173	0.0	0.0289	0.1696	0.0	0.0	0.0368	0.0	0.0019	0.0	0.0	0.0	3.621682
900	0.6915	0.0522	0.019	0.0	0.0285	0.1697	0.0	0.0	0.0373	0.0	0.0019	0.0	0.0	0.0	3.627587
1000	0.6823	0.0564	0.0214	0.0	0.0273	0.1718	0.0	0.0	0.0392	0.0	0.0016	0.0	0.0	0.0	3.634332
1100	0.6753	0.0601	0.0229	0.0	0.0258	0.172	0.0	0.0	0.0425	0.0	0.0014000000000000002	0.0	0.0	0.0	3.6395410000000004
25	0.7384000000000001	0.0	0.040199999999999986	0.0166	0.0	0.1483	0.0364	0.016	0.004	0.0	0.0	0.0	0.0	0.0	3.5864309999999997
300	0.7384000000000001	0.0	0.040199999999999986	0.0166	0.0	0.1483	0.0364	0.016	0.004	0.0	0.0	0.0	0.0	0.0	3.597203
500	0.7384000000000001	0.0	0.040199999999999986	0.0166	0.0	0.1483	0.0364	0.016	0.004	0.0	0.0	0.0	0.0	0.0	3.6056410000000003
600	0.7384000000000001	0.0	0.040199999999999986	0.0166	0.0	0.1483	0.0364	0.016	0.004	0.0	0.0	0.0	0.0	0.0	3.610054
700	0.7384000000000001	0.0	0.040199999999999986	0.0166	0.0	0.1483	0.0364	0.016	0.004	0.0	0.0	0.0	0.0	0.0	3.614642
800	0.7384000000000001	0.0	0.040199999999999986	0.0166	0.0	0.1483	0.0364	0.016	0.004	0.0	0.0	0.0	0.0	0.0	3.6203239999999997
900	0.736	0.0	0.0435	0.016200000000000003	0.0	0.14800000000000002	0.0364	0.0159	0.004	0.0	0.0	0.0	0.0	0.0	3.6326980000000004
1000	0.7306999999999999	0.0	0.0475	0.0146	0.0	0.15039999999999998	0.0367	0.0158	0.0043	0.0	0.0	0.0	0.0	0.0	3.638515
25	0.7479	0.0	0.0261	0.0194	0.0	0.17079999999999998	0.0156	0.0202	0.0	0.0	0.0	0.0	0.0	0.0	3.5805010000000004
300	0.7479	0.0	0.0261	0.0194	0.0	0.17079999999999998	0.0156	0.0202	0.0	0.0	0.0	0.0	0.0	0.0	3.5927059999999997
500	0.7479	0.0	0.0261	0.0194	0.0	0.17079999999999998	0.0156	0.0202	0.0	0.0	0.0	0.0	0.0	0.0	3.601532
700	0.7479	0.0	0.0261	0.0194	0.0	0.17079999999999998	0.0156	0.0202	0.0	0.0	0.0	0.0	0.0	0.0	3.6108190000000002
800	0.7479	0.0	0.0261	0.0194	0.0	0.17079999999999998	0.0156	0.0202	0.0	0.0	0.0	0.0	0.0	0.0	3.6167269999999996
900	0.7465999999999999	0.0	0.0287	0.0189	0.0	0.1702	0.0156	0.02	0.0	0.0	0.0	0.0	0.0	0.0	3.6217269999999995
1000	0.7424	0.0	0.0313	0.0168	0.0	0.1736	0.0159	0.0201	0.0	0.0	0.0	0.0	0.0	0.0	3.628203
1100	0.7391	0.0	0.031400000000000004	0.0139	0.0	0.1796	0.0159	0.0201	0.0	0.0	0.0	0.0	0.0	0.0	3.634257
25	0.7383	0.0	0.0312	0.0243	0.0	0.1697	0.0	0.0	0.0365	0.0	0.0	0.0	0.0	0.0	3.587562
300	0.7383	0.0	0.0312	0.0243	0.0	0.1697	0.0	0.0	0.0365	0.0	0.0	0.0	0.0	0.0	3.5968440000000004
500	0.7383	0.0	0.0312	0.0243	0.0	0.1697	0.0	0.0	0.0365	0.0	0.0	0.0	0.0	0.0	3.605117
600	0.7383	0.0	0.0312	0.0243	0.0	0.1697	0.0	0.0	0.0365	0.0	0.0	0.0	0.0	0.0	3.6094199999999996
700	0.7383	0.0	0.0312	0.0243	0.0	0.1697	0.0	0.0	0.0365	0.0	0.0	0.0	0.0	0.0	3.6139339999999995
800	0.7383	0.0	0.0312	0.0243	0.0	0.1697	0.0	0.0	0.0365	0.0	0.0	0.0	0.0	0.0	3.619022
900	0.7359	0.0	0.0335	0.0235	0.0	0.17	0.0	0.0	0.037000000000000005	0.0	0.0	0.0	0.0	0.0	3.6247019999999996
1000	0.7317	0.0	0.0369	0.0216	0.0	0.17129999999999998	0.0	0.0	0.0386	0.0	0.0	0.0	0.0	0.0	3.630489
1100	0.7282	0.0	0.0386	0.019	0.0	0.1726	0.0	0.0	0.0417	0.0	0.0	0.0	0.0	0.0	3.636796
25	0.7453	0.0	0.0217	0.0276	0.0	0.17859999999999998	0.0	0.0	0.0255	0.0014000000000000002	0.0	0.0	0.0	0.0	3.580286
300	0.7453	0.0	0.0217	0.0276	0.0	0.17859999999999998	0.0	0.0	0.0255	0.0014000000000000002	0.0	0.0	0.0	0.0	3.5928720000000003
500	0.7453	0.0	0.0217	0.0276	0.0	0.17859999999999998	0.0	0.0	0.0255	0.0014000000000000002	0.0	0.0	0.0	0.0	3.6009160000000002
600	0.7453	0.0	0.0217	0.0276	0.0	0.17859999999999998	0.0	0.0	0.0255	0.0014000000000000002	0.0	0.0	0.0	0.0	3.605932
700	0.7453	0.0	0.0217	0.0276	0.0	0.17859999999999998	0.0	0.0	0.0255	0.0014000000000000002	0.0	0.0	0.0	0.0	3.610147
800	0.7453	0.0	0.0217	0.0276	0.0	0.17859999999999998	0.0	0.0	0.0255	0.0014000000000000002	0.0	0.0	0.0	0.0	3.615583
900	0.7431	0.0	0.023	0.0264	0.0	0.18	0.0	0.0	0.0261	0.0014000000000000002	0.0	0.0	0.0	0.0	3.6208150000000003
1000	0.7387	0.0	0.0248	0.0234	0.0	0.1834	0.0	0.0	0.0281	0.0016	0.0	0.0	0.0	0.0	3.626531
1100	0.7363	0.0	0.0255	0.0199	0.0	0.1846	0.0	0.0	0.0318	0.0018	0.0	0.0	0.0	0.0	3.6324400000000003
25	0.7037	0.039	0.0249	0.0243	0.0	0.17120000000000002	0.0	0.0	0.037000000000000005	0.0	0.0	0.0	0.0	0.0	3.584801
300	0.7037	0.039	0.0249	0.0243	0.0	0.17120000000000002	0.0	0.0	0.037000000000000005	0.0	0.0	0.0	0.0	0.0	3.595847
500	0.7037	0.039	0.0249	0.0243	0.0	0.17120000000000002	0.0	0.0	0.037000000000000005	0.0	0.0	0.0	0.0	0.0	3.605436
600	0.7037	0.039	0.0249	0.0243	0.0	0.17120000000000002	0.0	0.0	0.037000000000000005	0.0	0.0	0.0	0.0	0.0	3.6093910000000005
700	0.7037	0.039	0.0249	0.0243	0.0	0.17120000000000002	0.0	0.0	0.037000000000000005	0.0	0.0	0.0	0.0	0.0	3.6138839999999997
800	0.7037	0.039	0.0249	0.0243	0.0	0.17120000000000002	0.0	0.0	0.037000000000000005	0.0	0.0	0.0	0.0	0.0	3.618264
900	0.7001999999999999	0.041	0.0267	0.0236	0.0	0.171	0.0	0.0	0.0375	0.0	0.0	0.0	0.0	0.0	3.6239480000000004
1000	0.6933	0.0434	0.0286	0.0211	0.0	0.1736	0.0	0.0	0.039900000000000005	0.0	0.0	0.0	0.0	0.0	3.630753
25	0.902	0.0	0.098	0.0	0.0	0.0	0.0	0.0	0.0	0.0	0.0	0.0	0.0	0.0	3.5273
25	0.9	0.0	0.049	0.0	0.0	0.051	0.0	0.0	0.0	0.0	0.0	0.0	0.0	0.0	3.5302
25	0.848	0.0	0.152	0.0	0.0	0.0	0.0	0.0	0.0	0.0	0.0	0.0	0.0	0.0	3.5315
25	0.851	0.0	0.122	0.0	0.0	0.027000000000000003	0.0	0.0	0.0	0.0	0.0	0.0	0.0	0.0	3.5314
25	0.8490000000000001	0.0	0.099	0.0	0.0	0.052000000000000005	0.0	0.0	0.0	0.0	0.0	0.0	0.0	0.0	3.5342
25	0.828	0.0	0.096	0.0	0.0	0.076	0.0	0.0	0.0	0.0	0.0	0.0	0.0	0.0	3.5388
25	0.802	0.0	0.198	0.0	0.0	0.0	0.0	0.0	0.0	0.0	0.0	0.0	0.0	0.0	3.5374
25	0.799	0.0	0.14800000000000002	0.0	0.0	0.053	0.0	0.0	0.0	0.0	0.0	0.0	0.0	0.0	3.5412
25	0.7509999999999999	0.0	0.249	0.0	0.0	0.0	0.0	0.0	0.0	0.0	0.0	0.0	0.0	0.0	3.5441
25	0.746	0.0	0.224	0.0	0.0	0.03	0.0	0.0	0.0	0.0	0.0	0.0	0.0	0.0	3.5442
25	0.7490000000000001	0.0	0.198	0.0	0.0	0.053	0.0	0.0	0.0	0.0	0.0	0.0	0.0	0.0	3.5471
25	0.7020000000000001	0.0	0.298	0.0	0.0	0.0	0.0	0.0	0.0	0.0	0.0	0.0	0.0	0.0	3.5509
25	0.6990000000000001	0.0	0.274	0.0	0.0	0.027000000000000003	0.0	0.0	0.0	0.0	0.0	0.0	0.0	0.0	3.5519
25	0.6990000000000001	0.0	0.247	0.0	0.0	0.054000000000000006	0.0	0.0	0.0	0.0	0.0	0.0	0.0	0.0	3.5533
25	0.652	0.0	0.348	0.0	0.0	0.0	0.0	0.0	0.0	0.0	0.0	0.0	0.0	0.0	3.5582
25	0.647	0.0	0.325	0.0	0.0	0.028	0.0	0.0	0.0	0.0	0.0	0.0	0.0	0.0	3.5569
25	0.649	0.0	0.293	0.0	0.0	0.058	0.0	0.0	0.0	0.0	0.0	0.0	0.0	0.0	3.5582
25	0.7390000000000001	0.0	0.075	0.0	0.0	0.18600000000000005	0.0	0.0	0.0	0.0	0.0	0.0	0.0	0.0	3.5519
25	0.748	0.0	0.049	0.0	0.0	0.203	0.0	0.0	0.0	0.0	0.0	0.0	0.0	0.0	3.5532
25	0.738	0.0	0.028	0.0	0.0	0.234	0.0	0.0	0.0	0.0	0.0	0.0	0.0	0.0	3.5579
25	0.74	0.0	0.0	0.0	0.0	0.26	0.0	0.0	0.0	0.0	0.0	0.0	0.0	0.0	3.56
25	0.7190000000000001	0.0	0.094	0.0	0.0	0.187	0.0	0.0	0.0	0.0	0.0	0.0	0.0	0.0	3.5515
25	0.6859999999999999	0.0	0.175	0.0	0.0	0.139	0.0	0.0	0.0	0.0	0.0	0.0	0.0	0.0	3.5537
25	0.6890000000000001	0.0	0.151	0.0	0.0	0.16	0.0	0.0	0.0	0.0	0.0	0.0	0.0	0.0	3.5556
25	0.698	0.0	0.126	0.0	0.0	0.17600000000000002	0.0	0.0	0.0	0.0	0.0	0.0	0.0	0.0	3.5564
25	0.688	0.0	0.102	0.0	0.0	0.21	0.0	0.0	0.0	0.0	0.0	0.0	0.0	0.0	3.5593
25	0.643	0.0	0.16699999999999998	0.0	0.0	0.19	0.0	0.0	0.0	0.0	0.0	0.0	0.0	0.0	3.557
25	0.626	0.0	0.161	0.0	0.0	0.213	0.0	0.0	0.0	0.0	0.0	0.0	0.0	0.0	3.5585
25	0.75	0.0	0.0	0.0	0.0	0.25	0.0	0.0	0.0	0.0	0.0	0.0	0.0	0.0	3.5669999999999997
25	0.75	0.0	0.05	0.0	0.0	0.2	0.0	0.0	0.0	0.0	0.0	0.0	0.0	0.0	3.563
25	0.75	0.0	0.1	0.0	0.0	0.15	0.0	0.0	0.0	0.0	0.0	0.0	0.0	0.0	3.562
25	0.8	0.0	0.0	0.0	0.0	0.05	0.0	0.0	0.0	0.0	0.0	0.0	0.15	0.0	3.5428
25	0.75	0.0	0.0	0.0	0.0	0.025	0.0	0.0	0.0	0.0	0.0	0.0	0.225	0.0	3.5469
25	0.6	0.0	0.0	0.0	0.0	0.05	0.0	0.0	0.0	0.0	0.0	0.0	0.35	0.0	3.57
25	0.32	0.0	0.0	0.0	0.0	0.04	0.0	0.0	0.0	0.0	0.0	0.0	0.64	0.0	3.5856
25	0.38	0.0	0.0	0.0	0.0	0.05	0.0	0.0	0.0	0.0	0.0	0.0	0.57	0.0	3.5886
25	0.7	0.0	0.0	0.0	0.0	0.05	0.0	0.0	0.0	0.0	0.0	0.0	0.25	0.0	3.5573
25	0.7	0.0	0.0	0.0	0.0	0.125	0.0	0.0	0.0	0.0	0.0	0.0	0.175	0.0	3.5621
25	0.75	0.0	0.0	0.0	0.0	0.2	0.0	0.0	0.0	0.0	0.0	0.0	0.05	0.0	3.5654
25	0.7	0.0	0.0	0.0	0.0	0.2	0.0	0.0	0.0	0.0	0.0	0.0	0.1	0.0	3.5736
25	0.6	0.0	0.0	0.0	0.0	0.1	0.0	0.0	0.0	0.0	0.0	0.0	0.3	0.0	3.575
25	0.85	0.0	0.0	0.0	0.0	0.1	0.0	0.0	0.0	0.0	0.0	0.0	0.05	0.0	3.5404
25	0.7	0.0	0.0	0.0	0.0	0.05	0.0	0.0	0.0	0.0	0.0	0.0	0.25	0.0	3.5573
25	0.735	0.0	0.0	0.015	0.0	0.25	0.0	0.0	0.0	0.0	0.0	0.0	0.0	0.0	3.572
25	0.75	0.0	0.0	0.015	0.0	0.235	0.0	0.0	0.0	0.0	0.0	0.0	0.0	0.0	3.568
25	0.741	0.0	0.0	0.0	0.0	0.259	0.0	0.0	0.0	0.0	0.0	0.0	0.0	0.0	3.5599
25	0.748	0.0	0.0	0.0	0.0	0.194	0.058	0.0	0.0	0.0	0.0	0.0	0.0	0.0	3.57
25	0.746	0.0	0.0	0.0	0.0	0.155	0.099	0.0	0.0	0.0	0.0	0.0	0.0	0.0	3.576
25	0.7440000000000001	0.0	0.0	0.0	0.0	0.106	0.15	0.0	0.0	0.0	0.0	0.0	0.0	0.0	3.5819
25	0.7440000000000001	0.0	0.0	0.0	0.0	0.056	0.2	0.0	0.0	0.0	0.0	0.0	0.0	0.0	3.5827
25	0.75	0.0	0.0	0.0	0.0	0.0	0.0	0.0	0.0	0.0	0.0	0.0	0.25	0.0	3.5523
25	0.7020000000000001	0.0	0.0	0.0	0.0	0.0	0.0	0.0	0.0	0.0	0.0	0.0	0.0	0.298	3.5778
25	0.711	0.0	0.0	0.0	0.0	0.0	0.0	0.0	0.0	0.0	0.0	0.0	0.0	0.289	3.5751
25	0.75	0.0	0.0	0.0	0.0	0.25	0.0	0.0	0.0	0.0	0.0	0.0	0.0	0.0	3.5655
25	0.75	0.25	0.0	0.0	0.0	0.0	0.0	0.0	0.0	0.0	0.0	0.0	0.0	0.0	3.5318
25	0.75	0.0	0.25	0.0	0.0	0.0	0.0	0.0	0.0	0.0	0.0	0.0	0.0	0.0	3.572
25	0.75	0.0	0.0	0.0	0.0	0.0	0.0	0.0	0.0	0.0	0.0	0.0	0.0	0.25	3.585
25	0.75	0.0	0.0	0.0	0.0	0.25	0.0	0.0	0.0	0.0	0.0	0.0	0.0	0.0	3.5715
25	0.75	0.0	0.0	0.0	0.0	0.25	0.0	0.0	0.0	0.0	0.0	0.0	0.0	0.0	3.5708
25	0.75	0.0	0.0	0.0	0.0	0.2305	0.0195	0.0	0.0	0.0	0.0	0.0	0.0	0.0	3.5772
25	0.75	0.0	0.0	0.0	0.0	0.2101	0.039900000000000005	0.0	0.0	0.0	0.0	0.0	0.0	0.0	3.582
25	0.75	0.0	0.0	0.0	0.0	0.1912	0.0588	0.0	0.0	0.0	0.0	0.0	0.0	0.0	3.5865
25	0.75	0.0	0.0	0.0	0.0	0.1702	0.07980000000000001	0.0	0.0	0.0	0.0	0.0	0.0	0.0	3.5901
25	0.75	0.0	0.0	0.0	0.0	0.15	0.1	0.0	0.0	0.0	0.0	0.0	0.0	0.0	3.5944
25	0.75	0.0	0.0	0.0	0.0	0.1309	0.1191	0.0	0.0	0.0	0.0	0.0	0.0	0.0	3.6007
25	0.75	0.0	0.0	0.0	0.0	0.25	0.0	0.0	0.0	0.0	0.0	0.0	0.0	0.0	3.5709
25	0.75	0.0	0.0	0.0	0.0	0.23981	0.0	0.0	0.0	0.01019	0.0	0.0	0.0	0.0	3.5789999999999997
25	0.75	0.0	0.0	0.0	0.0	0.22962	0.0	0.0	0.0	0.02038	0.0	0.0	0.0	0.0	3.5860000000000003
25	0.75	0.0	0.0	0.0	0.0	0.20961999999999997	0.0	0.0	0.0	0.04038	0.0	0.0	0.0	0.0	3.5986
25	0.75	0.0	0.0	0.0	0.0	0.22038000000000002	0.0	0.0	0.0	0.02962	0.0	0.0	0.0	0.0	3.614
25	0.75	0.0	0.0	0.0	0.0	0.25	0.0	0.0	0.0	0.0	0.0	0.0	0.0	0.0	3.5709
25	0.75	0.0	0.0	0.0	0.0	0.22954000000000002	0.0	0.02046	0.0	0.0	0.0	0.0	0.0	0.0	3.5787
25	0.75	0.0	0.0	0.0	0.0	0.20019	0.0	0.04981	0.0	0.0	0.0	0.0	0.0	0.0	3.5933
25	0.75	0.0	0.0	0.0	0.0	0.1697	0.0	0.0803	0.0	0.0	0.0	0.0	0.0	0.0	3.6078
25	0.75	0.0	0.0	0.0	0.0	0.25	0.0	0.0	0.0	0.0	0.0	0.0	0.0	0.0	3.5705
25	0.75	0.0	0.0	0.0	0.0	0.23	0.0	0.0	0.02	0.0	0.0	0.0	0.0	0.0	3.5802
25	0.75	0.0	0.0	0.0	0.0	0.2	0.0	0.0	0.05	0.0	0.0	0.0	0.0	0.0	3.5949
25	0.75	0.0	0.0	0.0	0.0	0.16981	0.0	0.0	0.08019	0.0	0.0	0.0	0.0	0.0	3.6101
25	0.75	0.0	0.01944	0.0	0.0	0.23056	0.0	0.0	0.0	0.0	0.0	0.0	0.0	0.0	3.5716
25	0.75	0.0	0.039439999999999996	0.0	0.0	0.21056	0.0	0.0	0.0	0.0	0.0	0.0	0.0	0.0	3.571
25	0.75	0.0	0.0	0.0	0.0	0.25	0.0	0.0	0.0	0.0	0.0	0.0	0.0	0.0	3.5702
25	0.75	0.0	0.0	0.019819999999999997	0.0	0.23018000000000002	0.0	0.0	0.0	0.0	0.0	0.0	0.0	0.0	3.5722
25	0.75	0.0	0.0	0.02907	0.0	0.22093000000000004	0.0	0.0	0.0	0.0	0.0	0.0	0.0	0.0	3.5742
25	0.75	0.0	0.0	0.03965	0.0	0.21035	0.0	0.0	0.0	0.0	0.0	0.0	0.0	0.0	3.5764
25	0.75	0.0	0.0	0.0	0.0	0.25	0.0	0.0	0.0	0.0	0.0	0.0	0.0	0.0	3.5706
25	0.75	0.0	0.0	0.0	0.01096	0.23904	0.0	0.0	0.0	0.0	0.0	0.0	0.0	0.0	3.573
25	0.75	0.0	0.0	0.0	0.02192	0.22808000000000006	0.0	0.0	0.0	0.0	0.0	0.0	0.0	0.0	3.5744
25	0.75	0.0	0.0	0.0	0.03288	0.21711999999999998	0.0	0.0	0.0	0.0	0.0	0.0	0.0	0.0	3.5783
25	0.75	0.0	0.0	0.0	0.0	0.25	0.0	0.0	0.0	0.0	0.0	0.0	0.0	0.0	3.5702
25	0.67912	0.07088	0.0	0.0	0.0	0.25	0.0	0.0	0.0	0.0	0.0	0.0	0.0	0.0	3.5684
25	0.59835	0.15164999999999998	0.0	0.0	0.0	0.25	0.0	0.0	0.0	0.0	0.0	0.0	0.0	0.0	3.5712
25	0.75	0.0	0.0	0.0	0.0	0.0	0.0	0.0	0.0	0.0	0.0	0.0	0.0	0.25	3.5849
25	0.75	0.0	0.0	0.0	0.0	0.0	0.0195	0.0	0.0	0.0	0.0	0.0	0.0	0.2305	3.5866
25	0.75	0.0	0.0	0.0	0.0	0.0	0.039900000000000005	0.0	0.0	0.0	0.0	0.0	0.0	0.2101	3.5885
25	0.75	0.0	0.0	0.0	0.0	0.0	0.07980000000000001	0.0	0.0	0.0	0.0	0.0	0.0	0.1702	3.5933
25	0.75	0.0	0.0	0.0	0.0	0.0	0.1191	0.0	0.0	0.0	0.0	0.0	0.0	0.1309	3.6010000000000004
25	0.75	0.0	0.0	0.0	0.0	0.25	0.0	0.0	0.0	0.0	0.0	0.0	0.0	0.0	3.5709
25	0.75	0.0	0.0	0.0	0.0	0.23	0.0	0.0	0.0	0.0	0.0	0.02	0.0	0.0	3.569
25	0.75	0.0	0.0	0.0	0.0	0.1992	0.0	0.0	0.0	0.0	0.0	0.0508	0.0	0.0	3.5669999999999997
25	0.75	0.0	0.0	0.0	0.0	0.16940000000000002	0.0	0.0	0.0	0.0	0.0	0.0806	0.0	0.0	3.5660000000000003
25	0.75	0.0	0.0	0.0	0.0	0.0	0.0	0.0	0.0	0.0	0.0	0.0	0.0	0.25	3.583
25	0.75	0.0	0.0	0.0	0.0	0.0	0.0	0.0	0.0	0.0	0.0	0.0385	0.0	0.2115	3.5789999999999997
25	0.75	0.0	0.0	0.0	0.0	0.0	0.0	0.0	0.0	0.0	0.0	0.0577	0.0	0.1923	3.5745
25	0.75	0.0	0.0	0.0	0.0	0.0	0.0	0.0	0.0	0.0	0.0	0.0788	0.0	0.17120000000000002	3.5735
25	0.75	0.0	0.0	0.0	0.0	0.0	0.0	0.0	0.0	0.0	0.0	0.1	0.0	0.15	3.57
25	0.75	0.0	0.0	0.0	0.0	0.0	0.0	0.0	0.0	0.0	0.0	0.0	0.0	0.25	3.5834
25	0.75	0.0	0.0	0.0	0.0	0.0	0.0	0.0198	0.0	0.0	0.0	0.0	0.0	0.2302	3.59
25	0.75	0.0	0.0	0.0	0.0	0.0	0.0	0.0404	0.0	0.0	0.0	0.0	0.0	0.2096	3.5975
25	0.75	0.0	0.0	0.0	0.0	0.0	0.0	0.0606	0.0	0.0	0.0	0.0	0.0	0.1894	3.6057
25	0.75	0.0	0.0	0.0	0.0	0.0	0.0	0.0	0.0	0.0	0.0	0.0	0.0	0.25	3.5834
25	0.75	0.0	0.0	0.0	0.0	0.0	0.0	0.0	0.0295	0.0	0.0	0.0	0.0	0.2205	3.5902
25	0.75	0.0	0.0	0.0	0.0	0.0	0.0	0.0	0.0779	0.0	0.0	0.0	0.0	0.1721	3.6082
25	0.75	0.0	0.0	0.0	0.0	0.0	0.0	0.0	0.1014	0.0	0.0	0.0	0.0	0.14859999999999998	3.6139
25	0.75	0.0	0.0	0.0	0.0	0.0	0.0	0.0	0.0	0.0	0.0	0.0	0.0	0.25	3.5841
25	0.75	0.0	0.0	0.0202	0.0	0.0	0.0	0.0	0.0	0.0	0.0	0.0	0.0	0.2298	3.5851
25	0.75	0.0	0.0	0.0406	0.0	0.0	0.0	0.0	0.0	0.0	0.0	0.0	0.0	0.2094	3.5869
25	0.75	0.0	0.0	0.0	0.0	0.0	0.0	0.0	0.0	0.0	0.0	0.0	0.0	0.25	3.5843
25	0.75	0.0	0.0	0.0	0.0	0.0589	0.0	0.0	0.0	0.0	0.0	0.0	0.0	0.1911	3.5784
25	0.75	0.0	0.0	0.0	0.0	0.1227	0.0	0.0	0.0	0.0	0.0	0.0	0.0	0.1273	3.5781
25	0.75	0.0	0.0	0.0	0.0	0.1866	0.0	0.0	0.0	0.0	0.0	0.0	0.0	0.0634	3.5765
25	0.75	0.0	0.0	0.0	0.0	0.25	0.0	0.0	0.0	0.0	0.0	0.0	0.0	0.0	3.5721
20	0.7486	0.0	0.0	0.0482	0.0	0.17579999999999998	0.0	0.0	0.0274	0.0	0.0	0.0	0.0	0.0	3.5861
100	0.7486	0.0	0.0	0.0482	0.0	0.17579999999999998	0.0	0.0	0.0274	0.0	0.0	0.0	0.0	0.0	3.5893
200	0.7486	0.0	0.0	0.0482	0.0	0.17579999999999998	0.0	0.0	0.0274	0.0	0.0	0.0	0.0	0.0	3.594
300	0.7486	0.0	0.0	0.0482	0.0	0.17579999999999998	0.0	0.0	0.0274	0.0	0.0	0.0	0.0	0.0	3.5978
400	0.7486	0.0	0.0	0.0482	0.0	0.17579999999999998	0.0	0.0	0.0274	0.0	0.0	0.0	0.0	0.0	3.6021
500	0.7486	0.0	0.0	0.0482	0.0	0.17579999999999998	0.0	0.0	0.0274	0.0	0.0	0.0	0.0	0.0	3.6068
600	0.7486	0.0	0.0	0.0482	0.0	0.17579999999999998	0.0	0.0	0.0274	0.0	0.0	0.0	0.0	0.0	3.6094
800	0.7486	0.0	0.0	0.0482	0.0	0.17579999999999998	0.0	0.0	0.0274	0.0	0.0	0.0	0.0	0.0	3.6205
850	0.7486	0.0	0.0	0.0482	0.0	0.17579999999999998	0.0	0.0	0.0274	0.0	0.0	0.0	0.0	0.0	3.622
900	0.7471	0.0	0.0	0.0461	0.0	0.1788	0.0	0.0	0.028	0.0	0.0	0.0	0.0	0.0	3.6259
950	0.7465999999999999	0.0	0.0	0.0441	0.0	0.1809	0.0	0.0	0.0284	0.0	0.0	0.0	0.0	0.0	3.6286
1000	0.745	0.0	0.0	0.0418	0.0	0.1837	0.0	0.0	0.0295	0.0	0.0	0.0	0.0	0.0	3.6319
20	0.7403	0.0	0.028	0.0031	0.0275	0.1648	0.0213	0.0	0.015	0.0	0.0	0.0	0.0	0.0	3.5826
100	0.7403	0.0	0.028	0.0031	0.0275	0.1648	0.0213	0.0	0.015	0.0	0.0	0.0	0.0	0.0	3.5859
200	0.7403	0.0	0.028	0.0031	0.0275	0.1648	0.0213	0.0	0.015	0.0	0.0	0.0	0.0	0.0	3.5909
300	0.7403	0.0	0.028	0.0031	0.0275	0.1648	0.0213	0.0	0.015	0.0	0.0	0.0	0.0	0.0	3.5956
400	0.7403	0.0	0.028	0.0031	0.0275	0.1648	0.0213	0.0	0.015	0.0	0.0	0.0	0.0	0.0	3.6004
500	0.7403	0.0	0.028	0.0031	0.0275	0.1648	0.0213	0.0	0.015	0.0	0.0	0.0	0.0	0.0	3.6053
600	0.7403	0.0	0.028	0.0031	0.0275	0.1648	0.0213	0.0	0.015	0.0	0.0	0.0	0.0	0.0	3.6096
700	0.7403	0.0	0.028	0.0031	0.0275	0.1648	0.0213	0.0	0.015	0.0	0.0	0.0	0.0	0.0	3.6151
800	0.7403	0.0	0.028	0.0031	0.0275	0.1648	0.0213	0.0	0.015	0.0	0.0	0.0	0.0	0.0	3.6214
850	0.7403	0.0	0.028	0.0031	0.0275	0.1648	0.0213	0.0	0.015	0.0	0.0	0.0	0.0	0.0	3.6239999999999997
900	0.7345999999999999	0.0	0.0289	0.0029	0.0267	0.1693	0.0219	0.0	0.0156	0.0	0.0	0.0	0.0	0.0	3.6267
950	0.7353000000000001	0.0	0.0325	0.0029	0.0267	0.1657	0.0214	0.0	0.0155	0.0	0.0	0.0	0.0	0.0	3.6267
1000	0.7329000000000001	0.0	0.0339	0.0028000000000000004	0.0262	0.16690000000000002	0.0214	0.0	0.016	0.0	0.0	0.0	0.0	0.0	3.6321
20	0.7138	0.0277	0.0255	0.0019	0.0274	0.1641	0.0255	0.0	0.0141	0.0	0.0	0.0	0.0	0.0	3.5811
100	0.7138	0.0277	0.0255	0.0019	0.0274	0.1641	0.0255	0.0	0.0141	0.0	0.0	0.0	0.0	0.0	3.5845
200	0.7138	0.0277	0.0255	0.0019	0.0274	0.1641	0.0255	0.0	0.0141	0.0	0.0	0.0	0.0	0.0	3.5894
300	0.7138	0.0277	0.0255	0.0019	0.0274	0.1641	0.0255	0.0	0.0141	0.0	0.0	0.0	0.0	0.0	3.5933
400	0.7138	0.0277	0.0255	0.0019	0.0274	0.1641	0.0255	0.0	0.0141	0.0	0.0	0.0	0.0	0.0	3.5991
500	0.7138	0.0277	0.0255	0.0019	0.0274	0.1641	0.0255	0.0	0.0141	0.0	0.0	0.0	0.0	0.0	3.6039
600	0.7138	0.0277	0.0255	0.0019	0.0274	0.1641	0.0255	0.0	0.0141	0.0	0.0	0.0	0.0	0.0	3.6086
700	0.7138	0.0277	0.0255	0.0019	0.0274	0.1641	0.0255	0.0	0.0141	0.0	0.0	0.0	0.0	0.0	3.6145
800	0.7138	0.0277	0.0255	0.0019	0.0274	0.1641	0.0255	0.0	0.0141	0.0	0.0	0.0	0.0	0.0	3.6202
850	0.7138	0.0277	0.0255	0.0019	0.0274	0.1641	0.0255	0.0	0.0141	0.0	0.0	0.0	0.0	0.0	3.6233
900	0.7106	0.0295	0.0281	0.0018	0.0271	0.16329999999999995	0.0254	0.0	0.0142	0.0	0.0	0.0	0.0	0.0	3.6262
950	0.6962999999999999	0.0307	0.0396	0.0017	0.0266	0.1647	0.0257	0.0	0.0147	0.0	0.0	0.0	0.0	0.0	3.6296
1000	0.7039	0.0319	0.0312	0.0017	0.0261	0.16440000000000002	0.0256	0.0	0.0152	0.0	0.0	0.0	0.0	0.0	3.6332
20	0.75	0.0	0.0	0.0	0.0	0.25	0.0	0.0	0.0	0.0	0.0	0.0	0.0	0.0	3.5655
20	0.75	0.0	0.0	0.0	0.0	0.25	0.0	0.0	0.0	0.0	0.0	0.0	0.0	0.0	3.5660000000000003
20	0.75	0.0	0.0	0.0	0.0	0.25	0.0	0.0	0.0	0.0	0.0	0.0	0.0	0.0	3.57
20	0.67	0.0	0.08	0.0	0.0	0.25	0.0	0.0	0.0	0.0	0.0	0.0	0.0	0.0	3.57
20	0.75	0.0	0.025	0.0	0.0	0.225	0.0	0.0	0.0	0.0	0.0	0.0	0.0	0.0	3.563
20	0.75	0.0	0.1	0.0	0.0	0.15	0.0	0.0	0.0	0.0	0.0	0.0	0.0	0.0	3.57
20	0.75	0.0	0.0	0.04	0.0	0.21	0.0	0.0	0.0	0.0	0.0	0.0	0.0	0.0	3.5780000000000003
20	0.735	0.0	0.0	0.015	0.0	0.25	0.0	0.0	0.0	0.0	0.0	0.0	0.0	0.0	3.572
20	0.75	0.0	0.0	0.0	0.0	0.17	0.0	0.0	0.08	0.0	0.0	0.0	0.0	0.0	3.61
20	0.7495	0.0	0.0	0.0	0.0	0.163	0.0	0.0	0.0875	0.0	0.0	0.0	0.0	0.0	3.6239999999999997
20	0.747	0.0	0.0	0.0	0.0	0.198	0.0	0.0	0.055	0.0	0.0	0.0	0.0	0.0	3.59
20	0.75	0.0	0.0	0.0	0.0	0.175	0.0	0.0	0.075	0.0	0.0	0.0	0.0	0.0	3.603
20	0.78	0.0	0.0	0.0	0.0	0.131	0.0	0.0	0.08900000000000001	0.0	0.0	0.0	0.0	0.0	3.608
20	0.75	0.0	0.0	0.0	0.0	0.2	0.05	0.0	0.0	0.0	0.0	0.0	0.0	0.0	3.58
20	0.75	0.0	0.0	0.0	0.0	0.15	0.1	0.0	0.0	0.0	0.0	0.0	0.0	0.0	3.589
20	0.75	0.0	0.0	0.0	0.0	0.1	0.15	0.0	0.0	0.0	0.0	0.0	0.0	0.0	3.59
20	0.75	0.0	0.0	0.0	0.0	0.125	0.125	0.0	0.0	0.0	0.0	0.0	0.0	0.0	3.582
20	0.75	0.0	0.0	0.0	0.0	0.13	0.12	0.0	0.0	0.0	0.0	0.0	0.0	0.0	3.6
20	0.75	0.0	0.0	0.0	0.03	0.22	0.0	0.0	0.0	0.0	0.0	0.0	0.0	0.0	3.5780000000000003
