Temp	Nickel	Cobalt	Chromium	Molybdenum	Tungsten	Aluminium	Titanium	Niobium	Tantalum	Hafnium	Rhenium	Vanadium	Ferrite	Galium	Copper	Gold	AlphaGamma
25	0.5011	0.1907	0.2018	0.0079	0.0244	0.0392	0.0022	0.0	0.0059	0.0001	0.0267	0.0	0.0	0.0	0.0	0.0	3.579957
500	0.5011	0.1907	0.2018	0.0079	0.0244	0.0392	0.0022	0.0	0.0059	0.0001	0.0267	0.0	0.0	0.0	0.0	0.0	3.601514
800	0.5011	0.1907	0.2018	0.0079	0.0244	0.0392	0.0022	0.0	0.0059	0.0001	0.0267	0.0	0.0	0.0	0.0	0.0	3.6171629999999997
900	0.5224	0.1761	0.1865	0.0077	0.0244	0.0478	0.003	0.0	0.006500000000000001	0.0001	0.0255	0.0	0.0	0.0	0.0	0.0	3.6241230000000004
1000	0.5652	0.14880000000000002	0.1515	0.0069	0.024	0.06860000000000001	0.0053	0.0	0.0083	0.0001	0.0214	0.0	0.0	0.0	0.0	0.0	3.631554
1100	0.5976	0.1263	0.118	0.005699999999999999	0.0229	0.0933	0.0086	0.0	0.0109	0.0001	0.0165	0.0	0.0	0.0	0.0	0.0	3.640283
25	0.6739	0.0	0.2329	0.0123	0.0433	0.0319	0.0027	0.0	0.003	0.0	0.0	0.0	0.0	0.0	0.0	0.0	3.5822160000000003
300	0.6739	0.0	0.2329	0.0123	0.0433	0.0319	0.0027	0.0	0.003	0.0	0.0	0.0	0.0	0.0	0.0	0.0	3.6004629999999995
500	0.6739	0.0	0.2329	0.0123	0.0433	0.0319	0.0027	0.0	0.003	0.0	0.0	0.0	0.0	0.0	0.0	0.0	3.6039239999999997
600	0.6739	0.0	0.2329	0.0123	0.0433	0.0319	0.0027	0.0	0.003	0.0	0.0	0.0	0.0	0.0	0.0	0.0	3.613174
700	0.6739	0.0	0.2329	0.0123	0.0433	0.0319	0.0027	0.0	0.003	0.0	0.0	0.0	0.0	0.0	0.0	0.0	3.620175
800	0.6739	0.0	0.2329	0.0123	0.0433	0.0319	0.0027	0.0	0.003	0.0	0.0	0.0	0.0	0.0	0.0	0.0	3.628654
900	0.6819	0.0	0.217	0.0119	0.0429	0.0392	0.0037	0.0	0.0034	0.0	0.0	0.0	0.0	0.0	0.0	0.0	3.628654
1000	0.6977	0.0	0.1822	0.0108	0.0416	0.05690000000000001	0.006500000000000001	0.0	0.0042	0.0	0.0	0.0	0.0	0.0	0.0	0.0	3.635811
1100	0.7081000000000001	0.0	0.14880000000000002	0.0094	0.0395	0.0788	0.0101	0.0	0.0054	0.0	0.0	0.0	0.0	0.0	0.0	0.0	3.6419129999999997
25	0.4504	0.23440000000000005	0.2237	0.0309	0.0	0.0516	0.009000000000000001	0.0	0.0	0.0	0.0	0.0	0.0	0.0	0.0	0.0	3.575709
300	0.4504	0.23440000000000005	0.2237	0.0309	0.0	0.0516	0.009000000000000001	0.0	0.0	0.0	0.0	0.0	0.0	0.0	0.0	0.0	3.589086
500	0.4504	0.23440000000000005	0.2237	0.0309	0.0	0.0516	0.009000000000000001	0.0	0.0	0.0	0.0	0.0	0.0	0.0	0.0	0.0	3.5980540000000003
600	0.4504	0.23440000000000005	0.2237	0.0309	0.0	0.0516	0.009000000000000001	0.0	0.0	0.0	0.0	0.0	0.0	0.0	0.0	0.0	3.602693
700	0.4504	0.23440000000000005	0.2237	0.0309	0.0	0.0516	0.009000000000000001	0.0	0.0	0.0	0.0	0.0	0.0	0.0	0.0	0.0	3.607642
800	0.4504	0.23440000000000005	0.2237	0.0309	0.0	0.0516	0.009000000000000001	0.0	0.0	0.0	0.0	0.0	0.0	0.0	0.0	0.0	3.6140489999999996
900	0.4819	0.2132	0.20010000000000006	0.029	0.0	0.0632	0.0127	0.0	0.0	0.0	0.0	0.0	0.0	0.0	0.0	0.0	3.6213269999999995
1000	0.5332	0.17629999999999998	0.1545	0.0241	0.0	0.08789999999999999	0.024	0.0	0.0	0.0	0.0	0.0	0.0	0.0	0.0	0.0	3.631208
25	0.5397	0.1032	0.2544	0.0295	0.0378	0.026	0.0042	0.0	0.0051	0.0	0.0	0.0	0.0	0.0	0.0	0.0	3.5804440000000004
300	0.5397	0.1032	0.2544	0.0295	0.0378	0.026	0.0042	0.0	0.0051	0.0	0.0	0.0	0.0	0.0	0.0	0.0	3.592867
500	0.5397	0.1032	0.2544	0.0295	0.0378	0.026	0.0042	0.0	0.0051	0.0	0.0	0.0	0.0	0.0	0.0	0.0	3.6008940000000003
600	0.5397	0.1032	0.2544	0.0295	0.0378	0.026	0.0042	0.0	0.0051	0.0	0.0	0.0	0.0	0.0	0.0	0.0	3.605062
700	0.5397	0.1032	0.2544	0.0295	0.0378	0.026	0.0042	0.0	0.0051	0.0	0.0	0.0	0.0	0.0	0.0	0.0	3.6104010000000004
800	0.5397	0.1032	0.2544	0.0295	0.0378	0.026	0.0042	0.0	0.0051	0.0	0.0	0.0	0.0	0.0	0.0	0.0	3.6167290000000003
900	0.5625	0.0947	0.2332	0.0286	0.0375	0.0321	0.005699999999999999	0.0	0.005699999999999999	0.0	0.0	0.0	0.0	0.0	0.0	0.0	3.6251559999999996
1000	0.595	0.08109999999999999	0.1975	0.0264	0.0368	0.0462	0.0099	0.0	0.006999999999999999	0.0	0.0	0.0	0.0	0.0	0.0	0.0	3.6307980000000004
1100	0.6236999999999999	0.0693	0.1605	0.023	0.0349	0.0643	0.015700000000000002	0.0	0.0087	0.0	0.0	0.0	0.0	0.0	0.0	0.0	3.6364870000000002
25	0.5654	0.1493	0.174	0.0	0.0794	0.0271	0.0	0.0	0.0048	0.0	0.0	0.0	0.0	0.0	0.0	0.0	3.582172
300	0.5654	0.1493	0.174	0.0	0.0794	0.0271	0.0	0.0	0.0048	0.0	0.0	0.0	0.0	0.0	0.0	0.0	3.592243
500	0.5654	0.1493	0.174	0.0	0.0794	0.0271	0.0	0.0	0.0048	0.0	0.0	0.0	0.0	0.0	0.0	0.0	3.6007809999999996
600	0.5654	0.1493	0.174	0.0	0.0794	0.0271	0.0	0.0	0.0048	0.0	0.0	0.0	0.0	0.0	0.0	0.0	3.605601
700	0.5654	0.1493	0.174	0.0	0.0794	0.0271	0.0	0.0	0.0048	0.0	0.0	0.0	0.0	0.0	0.0	0.0	3.609699
800	0.5654	0.1493	0.174	0.0	0.0794	0.0271	0.0	0.0	0.0048	0.0	0.0	0.0	0.0	0.0	0.0	0.0	3.6150860000000002
900	0.5848	0.1375	0.16010000000000002	0.0	0.0787	0.0334	0.0	0.0	0.0054	0.0	0.0	0.0	0.0	0.0	0.0	0.0	3.6219050000000004
25	0.7375	0.0	0.1834	0.0	0.0355	0.038	0.0	0.0	0.005600000000000001	0.0	0.0	0.0	0.0	0.0	0.0	0.0	3.5852
300	0.7375	0.0	0.1834	0.0	0.0355	0.038	0.0	0.0	0.005600000000000001	0.0	0.0	0.0	0.0	0.0	0.0	0.0	3.5961589999999997
500	0.7375	0.0	0.1834	0.0	0.0355	0.038	0.0	0.0	0.005600000000000001	0.0	0.0	0.0	0.0	0.0	0.0	0.0	3.6047589999999996
600	0.7375	0.0	0.1834	0.0	0.0355	0.038	0.0	0.0	0.005600000000000001	0.0	0.0	0.0	0.0	0.0	0.0	0.0	3.609254
700	0.7375	0.0	0.1834	0.0	0.0355	0.038	0.0	0.0	0.005600000000000001	0.0	0.0	0.0	0.0	0.0	0.0	0.0	3.613886
800	0.7375	0.0	0.1834	0.0	0.0355	0.038	0.0	0.0	0.005600000000000001	0.0	0.0	0.0	0.0	0.0	0.0	0.0	3.619596
900	0.6859000000000001	0.0	0.2246	0.0	0.0462	0.0321	0.0	0.0	0.011200000000000002	0.0	0.0	0.0	0.0	0.0	0.0	0.0	3.626669
1000	0.7003	0.0	0.1953	0.0	0.044500000000000005	0.0462	0.0	0.0	0.0137	0.0	0.0	0.0	0.0	0.0	0.0	0.0	3.6337639999999998
1100	0.708	0.0	0.1707	0.0	0.0425	0.0623	0.0	0.0	0.016399999999999998	0.0	0.0	0.0	0.0	0.0	0.0	0.0	3.642603
25	0.7434000000000001	0.0	0.1573	0.0	0.065	0.0264	0.0	0.0	0.0079	0.0	0.0	0.0	0.0	0.0	0.0	0.0	3.5840410000000005
500	0.7434000000000001	0.0	0.1573	0.0	0.065	0.0264	0.0	0.0	0.0079	0.0	0.0	0.0	0.0	0.0	0.0	0.0	3.6040949999999996
600	0.7434000000000001	0.0	0.1573	0.0	0.065	0.0264	0.0	0.0	0.0079	0.0	0.0	0.0	0.0	0.0	0.0	0.0	3.6085730000000003
700	0.7434000000000001	0.0	0.1573	0.0	0.065	0.0264	0.0	0.0	0.0079	0.0	0.0	0.0	0.0	0.0	0.0	0.0	3.613628
800	0.7434000000000001	0.0	0.1573	0.0	0.065	0.0264	0.0	0.0	0.0079	0.0	0.0	0.0	0.0	0.0	0.0	0.0	3.6209029999999998
900	0.7464	0.0	0.1482	0.0	0.0641	0.0325	0.0	0.0	0.0088	0.0	0.0	0.0	0.0	0.0	0.0	0.0	3.626115
1000	0.7515999999999999	0.0	0.1288	0.0	0.0614	0.0473	0.0	0.0	0.0109	0.0	0.0	0.0	0.0	0.0	0.0	0.0	3.633111
1100	0.7524	0.0	0.1114	0.0	0.0582	0.0646	0.0	0.0	0.0133	0.0	0.0	0.0	0.0	0.0	0.0	0.0	3.6394940000000005
25	0.7195999999999999	0.0	0.1873	0.0	0.0585	0.024	0.0	0.0	0.0106	0.0	0.0	0.0	0.0	0.0	0.0	0.0	3.5863110000000002
300	0.7195999999999999	0.0	0.1873	0.0	0.0585	0.024	0.0	0.0	0.0106	0.0	0.0	0.0	0.0	0.0	0.0	0.0	3.598028
600	0.7195999999999999	0.0	0.1873	0.0	0.0585	0.024	0.0	0.0	0.0106	0.0	0.0	0.0	0.0	0.0	0.0	0.0	3.6113440000000003
700	0.7195999999999999	0.0	0.1873	0.0	0.0585	0.024	0.0	0.0	0.0106	0.0	0.0	0.0	0.0	0.0	0.0	0.0	3.61626
800	0.7195999999999999	0.0	0.1873	0.0	0.0585	0.024	0.0	0.0	0.0106	0.0	0.0	0.0	0.0	0.0	0.0	0.0	3.6219349999999997
900	0.7265999999999999	0.0	0.1745	0.0	0.0575	0.0296	0.0	0.0	0.0118	0.0	0.0	0.0	0.0	0.0	0.0	0.0	3.6219349999999997
1000	0.7342	0.0	0.1534	0.0	0.0555	0.0425	0.0	0.0	0.0143	0.0	0.0	0.0	0.0	0.0	0.0	0.0	3.637861
1100	0.7391	0.0	0.1329	0.0	0.0528	0.058	0.0	0.0	0.0172	0.0	0.0	0.0	0.0	0.0	0.0	0.0	3.643415
25	0.7408	0.0	0.1766	0.0	0.0468	0.023	0.0	0.0	0.0128	0.0	0.0	0.0	0.0	0.0	0.0	0.0	3.578525
300	0.7408	0.0	0.1766	0.0	0.0468	0.023	0.0	0.0	0.0128	0.0	0.0	0.0	0.0	0.0	0.0	0.0	3.591457
500	0.7408	0.0	0.1766	0.0	0.0468	0.023	0.0	0.0	0.0128	0.0	0.0	0.0	0.0	0.0	0.0	0.0	3.59951
600	0.7408	0.0	0.1766	0.0	0.0468	0.023	0.0	0.0	0.0128	0.0	0.0	0.0	0.0	0.0	0.0	0.0	3.604125
700	0.7408	0.0	0.1766	0.0	0.0468	0.023	0.0	0.0	0.0128	0.0	0.0	0.0	0.0	0.0	0.0	0.0	3.609516
800	0.7408	0.0	0.1766	0.0	0.0468	0.023	0.0	0.0	0.0128	0.0	0.0	0.0	0.0	0.0	0.0	0.0	3.615249
900	0.7502	0.0	0.1478	0.0	0.0442	0.0405	0.0	0.0	0.0172	0.0	0.0	0.0	0.0	0.0	0.0	0.0	3.622038
1000	0.7502	0.0	0.1478	0.0	0.0442	0.0405	0.0	0.0	0.0172	0.0	0.0	0.0	0.0	0.0	0.0	0.0	3.6293019999999996
1100	0.7529	0.0	0.1295	0.0	0.0418	0.0551	0.0	0.0	0.0207	0.0	0.0	0.0	0.0	0.0	0.0	0.0	3.637571
25	0.5619	0.16219999999999998	0.1597	0.0263	0.0556	0.0269	0.0	0.0	0.0075	0.0	0.0	0.0	0.0	0.0	0.0	0.0	3.586356
300	0.5619	0.16219999999999998	0.1597	0.0263	0.0556	0.0269	0.0	0.0	0.0075	0.0	0.0	0.0	0.0	0.0	0.0	0.0	3.599154
500	0.5619	0.16219999999999998	0.1597	0.0263	0.0556	0.0269	0.0	0.0	0.0075	0.0	0.0	0.0	0.0	0.0	0.0	0.0	3.606869
600	0.5619	0.16219999999999998	0.1597	0.0263	0.0556	0.0269	0.0	0.0	0.0075	0.0	0.0	0.0	0.0	0.0	0.0	0.0	3.6119209999999997
700	0.5619	0.16219999999999998	0.1597	0.0263	0.0556	0.0269	0.0	0.0	0.0075	0.0	0.0	0.0	0.0	0.0	0.0	0.0	3.617234
800	0.5619	0.16219999999999998	0.1597	0.0263	0.0556	0.0269	0.0	0.0	0.0075	0.0	0.0	0.0	0.0	0.0	0.0	0.0	3.6236089999999996
900	0.5807	0.1497	0.1474	0.0255	0.0551	0.0331	0.0	0.0	0.0084	0.0	0.0	0.0	0.0	0.0	0.0	0.0	3.631122
1000	0.6092	0.1293	0.1257	0.0237	0.0539	0.0479	0.0	0.0	0.0103	0.0	0.0	0.0	0.0	0.0	0.0	0.0	3.637528
1100	0.6294	0.1131	0.106	0.0213	0.0519	0.0658	0.0	0.0	0.0126	0.0	0.0	0.0	0.0	0.0	0.0	0.0	3.644086
25	0.5858	0.1473	0.15869999999999998	0.0	0.047400000000000005	0.0328	0.0	0.0	0.0074	0.0	0.0206	0.0	0.0	0.0	0.0	0.0	3.582531
300	0.5858	0.1473	0.15869999999999998	0.0	0.047400000000000005	0.0328	0.0	0.0	0.0074	0.0	0.0206	0.0	0.0	0.0	0.0	0.0	3.594563
500	0.5858	0.1473	0.15869999999999998	0.0	0.047400000000000005	0.0328	0.0	0.0	0.0074	0.0	0.0206	0.0	0.0	0.0	0.0	0.0	3.602294
600	0.5858	0.1473	0.15869999999999998	0.0	0.047400000000000005	0.0328	0.0	0.0	0.0074	0.0	0.0206	0.0	0.0	0.0	0.0	0.0	3.6069519999999997
700	0.5858	0.1473	0.15869999999999998	0.0	0.047400000000000005	0.0328	0.0	0.0	0.0074	0.0	0.0206	0.0	0.0	0.0	0.0	0.0	3.611648
800	0.5858	0.1473	0.15869999999999998	0.0	0.047400000000000005	0.0328	0.0	0.0	0.0074	0.0	0.0206	0.0	0.0	0.0	0.0	0.0	3.61761
900	0.5995	0.1371	0.1481	0.0	0.0471	0.0401	0.0	0.0	0.0083	0.0	0.0197	0.0	0.0	0.0	0.0	0.0	3.6242980000000005
1000	0.6259	0.1182	0.1247	0.0	0.045700000000000005	0.058	0.0	0.0	0.0103	0.0	0.0172	0.0	0.0	0.0	0.0	0.0	3.6329279999999997
1100	0.6423000000000001	0.1036	0.1042	0.0	0.0435	0.0789	0.0	0.0	0.0129	0.0	0.0145	0.0	0.0	0.0	0.0	0.0	3.6411839999999995
25	0.6305	0.0	0.26530000000000004	0.0653	0.0	0.0296	0.004699999999999999	0.0039	0.0008	0.0	0.0	0.0	0.0	0.0	0.0	0.0	3.5922080000000003
300	0.6305	0.0	0.26530000000000004	0.0653	0.0	0.0296	0.004699999999999999	0.0039	0.0008	0.0	0.0	0.0	0.0	0.0	0.0	0.0	3.6031410000000004
500	0.6305	0.0	0.26530000000000004	0.0653	0.0	0.0296	0.004699999999999999	0.0039	0.0008	0.0	0.0	0.0	0.0	0.0	0.0	0.0	3.611706
600	0.6305	0.0	0.26530000000000004	0.0653	0.0	0.0296	0.004699999999999999	0.0039	0.0008	0.0	0.0	0.0	0.0	0.0	0.0	0.0	3.616453
700	0.6305	0.0	0.26530000000000004	0.0653	0.0	0.0296	0.004699999999999999	0.0039	0.0008	0.0	0.0	0.0	0.0	0.0	0.0	0.0	3.6213550000000003
800	0.6305	0.0	0.26530000000000004	0.0653	0.0	0.0296	0.004699999999999999	0.0039	0.0008	0.0	0.0	0.0	0.0	0.0	0.0	0.0	3.627269
900	0.6397999999999999	0.0	0.24850000000000005	0.0635	0.0	0.0361	0.0064	0.004699999999999999	0.0009	0.0	0.0	0.0	0.0	0.0	0.0	0.0	3.6402970000000003
1000	0.6622	0.0	0.2092	0.0573	0.0	0.0524	0.0111	0.0067	0.0011	0.0	0.0	0.0	0.0	0.0	0.0	0.0	3.642686
25	0.6951	0.0	0.1863	0.0762	0.0	0.0355	0.002	0.0049	0.0	0.0	0.0	0.0	0.0	0.0	0.0	0.0	3.5851660000000005
300	0.6951	0.0	0.1863	0.0762	0.0	0.0355	0.002	0.0049	0.0	0.0	0.0	0.0	0.0	0.0	0.0	0.0	3.596972
500	0.6951	0.0	0.1863	0.0762	0.0	0.0355	0.002	0.0049	0.0	0.0	0.0	0.0	0.0	0.0	0.0	0.0	3.6057019999999995
700	0.6951	0.0	0.1863	0.0762	0.0	0.0355	0.002	0.0049	0.0	0.0	0.0	0.0	0.0	0.0	0.0	0.0	3.615439
800	0.6951	0.0	0.1863	0.0762	0.0	0.0355	0.002	0.0049	0.0	0.0	0.0	0.0	0.0	0.0	0.0	0.0	3.6216550000000005
900	0.6998000000000001	0.0	0.174	0.0741	0.0	0.0435	0.0027	0.0059	0.0	0.0	0.0	0.0	0.0	0.0	0.0	0.0	3.628028
1000	0.7132	0.0	0.14400000000000002	0.066	0.0	0.0635	0.0048	0.0085	0.0	0.0	0.0	0.0	0.0	0.0	0.0	0.0	3.634692
1100	0.7226	0.0	0.1144	0.0547	0.0	0.0891	0.0077	0.0115	0.0	0.0	0.0	0.0	0.0	0.0	0.0	0.0	3.638894
25	0.6804000000000001	0.0	0.184	0.0953	0.0	0.0329	0.0	0.0	0.0074	0.0	0.0	0.0	0.0	0.0	0.0	0.0	3.5934269999999997
300	0.6804000000000001	0.0	0.184	0.0953	0.0	0.0329	0.0	0.0	0.0074	0.0	0.0	0.0	0.0	0.0	0.0	0.0	3.605732
500	0.6804000000000001	0.0	0.184	0.0953	0.0	0.0329	0.0	0.0	0.0074	0.0	0.0	0.0	0.0	0.0	0.0	0.0	3.614403
600	0.6804000000000001	0.0	0.184	0.0953	0.0	0.0329	0.0	0.0	0.0074	0.0	0.0	0.0	0.0	0.0	0.0	0.0	3.6192849999999996
700	0.6804000000000001	0.0	0.184	0.0953	0.0	0.0329	0.0	0.0	0.0074	0.0	0.0	0.0	0.0	0.0	0.0	0.0	3.624057
800	0.6804000000000001	0.0	0.184	0.0953	0.0	0.0329	0.0	0.0	0.0074	0.0	0.0	0.0	0.0	0.0	0.0	0.0	3.629658
900	0.6887000000000001	0.0	0.17010000000000006	0.0925	0.0	0.0405	0.0	0.0	0.008199999999999999	0.0	0.0	0.0	0.0	0.0	0.0	0.0	3.6376489999999997
1000	0.7025	0.0	0.1439	0.0849	0.0	0.0585	0.0	0.0	0.0102	0.0	0.0	0.0	0.0	0.0	0.0	0.0	3.644367
1100	0.7121999999999999	0.0	0.1202	0.0747	0.0	0.0802	0.0	0.0	0.0127	0.0	0.0	0.0	0.0	0.0	0.0	0.0	3.647359
25	0.7143	0.0	0.1335	0.1085	0.0	0.0384	0.0	0.0	0.0051	0.0002	0.0	0.0	0.0	0.0	0.0	0.0	3.5908160000000002
300	0.7143	0.0	0.1335	0.1085	0.0	0.0384	0.0	0.0	0.0051	0.0002	0.0	0.0	0.0	0.0	0.0	0.0	3.603706
500	0.7143	0.0	0.1335	0.1085	0.0	0.0384	0.0	0.0	0.0051	0.0002	0.0	0.0	0.0	0.0	0.0	0.0	3.611726
600	0.7143	0.0	0.1335	0.1085	0.0	0.0384	0.0	0.0	0.0051	0.0002	0.0	0.0	0.0	0.0	0.0	0.0	3.616632
700	0.7143	0.0	0.1335	0.1085	0.0	0.0384	0.0	0.0	0.0051	0.0002	0.0	0.0	0.0	0.0	0.0	0.0	3.621658
800	0.7143	0.0	0.1335	0.1085	0.0	0.0384	0.0	0.0	0.0051	0.0002	0.0	0.0	0.0	0.0	0.0	0.0	3.627904
900	0.7208	0.0	0.1217	0.1039	0.0	0.047699999999999985	0.0	0.0	0.0058	0.0002	0.0	0.0	0.0	0.0	0.0	0.0	3.6340269999999997
1000	0.7304999999999999	0.0	0.0998	0.09210000000000003	0.0	0.0699	0.0	0.0	0.0074	0.0003	0.0	0.0	0.0	0.0	0.0	0.0	3.639476
1100	0.7342	0.0	0.0815	0.0782	0.0	0.096	0.0	0.0	0.0097	0.0004	0.0	0.0	0.0	0.0	0.0	0.0	3.642805
25	0.5882999999999999	0.1243	0.147	0.0955	0.0	0.0374	0.0	0.0	0.0075	0.0	0.0	0.0	0.0	0.0	0.0	0.0	3.5813330000000003
300	0.5882999999999999	0.1243	0.147	0.0955	0.0	0.0374	0.0	0.0	0.0075	0.0	0.0	0.0	0.0	0.0	0.0	0.0	3.5927809999999996
500	0.5882999999999999	0.1243	0.147	0.0955	0.0	0.0374	0.0	0.0	0.0075	0.0	0.0	0.0	0.0	0.0	0.0	0.0	3.6026029999999998
600	0.5882999999999999	0.1243	0.147	0.0955	0.0	0.0374	0.0	0.0	0.0075	0.0	0.0	0.0	0.0	0.0	0.0	0.0	3.6068339999999997
700	0.5882999999999999	0.1243	0.147	0.0955	0.0	0.0374	0.0	0.0	0.0075	0.0	0.0	0.0	0.0	0.0	0.0	0.0	3.612032
800	0.5882999999999999	0.1243	0.147	0.0955	0.0	0.0374	0.0	0.0	0.0075	0.0	0.0	0.0	0.0	0.0	0.0	0.0	3.6210379999999995
900	0.6024	0.115	0.1359	0.0926	0.0	0.0458	0.0	0.0	0.0083	0.0	0.0	0.0	0.0	0.0	0.0	0.0	3.6276010000000003
1000	0.6313	0.0971	0.1118	0.0828	0.0	0.0665	0.0	0.0	0.0105	0.0	0.0	0.0	0.0	0.0	0.0	0.0	3.635669
25	1.0	0.0	0.0	0.0	0.0	0.0	0.0	0.0	0.0	0.0	0.0	0.0	0.0	0.0	0.0	0.0	3.5168
25	0.902	0.0	0.098	0.0	0.0	0.0	0.0	0.0	0.0	0.0	0.0	0.0	0.0	0.0	0.0	0.0	3.5273
25	0.9	0.0	0.049	0.0	0.0	0.051	0.0	0.0	0.0	0.0	0.0	0.0	0.0	0.0	0.0	0.0	3.5302
25	0.848	0.0	0.152	0.0	0.0	0.0	0.0	0.0	0.0	0.0	0.0	0.0	0.0	0.0	0.0	0.0	3.5315
25	0.851	0.0	0.122	0.0	0.0	0.027000000000000003	0.0	0.0	0.0	0.0	0.0	0.0	0.0	0.0	0.0	0.0	3.5314
25	0.8490000000000001	0.0	0.099	0.0	0.0	0.052000000000000005	0.0	0.0	0.0	0.0	0.0	0.0	0.0	0.0	0.0	0.0	3.5342
25	0.828	0.0	0.096	0.0	0.0	0.076	0.0	0.0	0.0	0.0	0.0	0.0	0.0	0.0	0.0	0.0	3.5388
25	0.802	0.0	0.198	0.0	0.0	0.0	0.0	0.0	0.0	0.0	0.0	0.0	0.0	0.0	0.0	0.0	3.5374
25	0.799	0.0	0.14800000000000002	0.0	0.0	0.053	0.0	0.0	0.0	0.0	0.0	0.0	0.0	0.0	0.0	0.0	3.5412
25	0.7509999999999999	0.0	0.249	0.0	0.0	0.0	0.0	0.0	0.0	0.0	0.0	0.0	0.0	0.0	0.0	0.0	3.5441
25	0.746	0.0	0.224	0.0	0.0	0.03	0.0	0.0	0.0	0.0	0.0	0.0	0.0	0.0	0.0	0.0	3.5442
25	0.7490000000000001	0.0	0.198	0.0	0.0	0.053	0.0	0.0	0.0	0.0	0.0	0.0	0.0	0.0	0.0	0.0	3.5471
25	0.7020000000000001	0.0	0.298	0.0	0.0	0.0	0.0	0.0	0.0	0.0	0.0	0.0	0.0	0.0	0.0	0.0	3.5509
25	0.6990000000000001	0.0	0.274	0.0	0.0	0.027000000000000003	0.0	0.0	0.0	0.0	0.0	0.0	0.0	0.0	0.0	0.0	3.5519
25	0.6990000000000001	0.0	0.247	0.0	0.0	0.054000000000000006	0.0	0.0	0.0	0.0	0.0	0.0	0.0	0.0	0.0	0.0	3.5533
25	0.652	0.0	0.348	0.0	0.0	0.0	0.0	0.0	0.0	0.0	0.0	0.0	0.0	0.0	0.0	0.0	3.5582
25	0.647	0.0	0.325	0.0	0.0	0.028	0.0	0.0	0.0	0.0	0.0	0.0	0.0	0.0	0.0	0.0	3.5569
25	0.649	0.0	0.293	0.0	0.0	0.058	0.0	0.0	0.0	0.0	0.0	0.0	0.0	0.0	0.0	0.0	3.5582
25	0.8	0.0	0.0	0.0	0.0	0.05	0.0	0.0	0.0	0.0	0.0	0.0	0.15	0.0	0.0	0.0	3.5428
25	0.75	0.0	0.0	0.0	0.0	0.025	0.0	0.0	0.0	0.0	0.0	0.0	0.225	0.0	0.0	0.0	3.5469
25	0.6	0.0	0.0	0.0	0.0	0.05	0.0	0.0	0.0	0.0	0.0	0.0	0.35	0.0	0.0	0.0	3.57
25	0.951	0.0	0.0	0.0	0.0	0.049	0.0	0.0	0.0	0.0	0.0	0.0	0.0	0.0	0.0	0.0	3.5257
25	0.925	0.0	0.0	0.0	0.0	0.075	0.0	0.0	0.0	0.0	0.0	0.0	0.0	0.0	0.0	0.0	3.5309
25	0.889	0.0	0.0	0.0	0.0	0.111	0.0	0.0	0.0	0.0	0.0	0.0	0.0	0.0	0.0	0.0	3.5367
25	0.879	0.0	0.0	0.0	0.0	0.121	0.0	0.0	0.0	0.0	0.0	0.0	0.0	0.0	0.0	0.0	3.5383
25	0.8759999999999999	0.0	0.0	0.0	0.0	0.124	0.0	0.0	0.0	0.0	0.0	0.0	0.0	0.0	0.0	0.0	3.5405
25	0.86	0.0	0.0	0.0	0.0	0.14	0.0	0.0	0.0	0.0	0.0	0.0	0.0	0.0	0.0	0.0	3.5433
25	0.846	0.0	0.0	0.0	0.0	0.154	0.0	0.0	0.0	0.0	0.0	0.0	0.0	0.0	0.0	0.0	3.5385
20	0.941	0.0	0.0	0.0	0.0	0.059	0.0	0.0	0.0	0.0	0.0	0.0	0.0	0.0	0.0	0.0	3.5260000000000002
200	0.941	0.0	0.0	0.0	0.0	0.059	0.0	0.0	0.0	0.0	0.0	0.0	0.0	0.0	0.0	0.0	3.535
350	0.941	0.0	0.0	0.0	0.0	0.059	0.0	0.0	0.0	0.0	0.0	0.0	0.0	0.0	0.0	0.0	3.542
500	0.941	0.0	0.0	0.0	0.0	0.059	0.0	0.0	0.0	0.0	0.0	0.0	0.0	0.0	0.0	0.0	3.55
20	0.8759999999999999	0.0	0.0	0.0	0.0	0.124	0.0	0.0	0.0	0.0	0.0	0.0	0.0	0.0	0.0	0.0	3.537
200	0.8759999999999999	0.0	0.0	0.0	0.0	0.124	0.0	0.0	0.0	0.0	0.0	0.0	0.0	0.0	0.0	0.0	3.5460000000000003
350	0.8759999999999999	0.0	0.0	0.0	0.0	0.124	0.0	0.0	0.0	0.0	0.0	0.0	0.0	0.0	0.0	0.0	3.553
500	0.8759999999999999	0.0	0.0	0.0	0.0	0.124	0.0	0.0	0.0	0.0	0.0	0.0	0.0	0.0	0.0	0.0	3.5610000000000004
25	0.823	0.0	0.0	0.0	0.0	0.0	0.0	0.0	0.0	0.0	0.0	0.0	0.0	0.0	0.145	0.032	3.552
25	0.825	0.0	0.0	0.0	0.0	0.0	0.0	0.0	0.0	0.0	0.0	0.0	0.0	0.0	0.145	0.03	3.552
25	0.833	0.0	0.0	0.0	0.0	0.0	0.0	0.0	0.0	0.0	0.0	0.0	0.0	0.0	0.147	0.02	3.543
25	0.836	0.0	0.0	0.0	0.0	0.0	0.0	0.0	0.0	0.0	0.0	0.0	0.0	0.0	0.14800000000000002	0.016	3.542
25	0.841	0.0	0.0	0.0	0.0	0.0	0.0	0.0	0.0	0.0	0.0	0.0	0.0	0.0	0.149	0.01	3.535
25	0.847	0.0	0.0	0.0	0.0	0.0	0.0	0.0	0.0	0.0	0.0	0.0	0.0	0.0	0.15	0.003	3.531
25	0.952	0.0	0.0	0.0	0.0	0.0	0.0	0.0	0.0	0.0	0.0	0.0	0.0	0.0	0.024	0.024	3.536
25	0.973	0.0	0.0	0.0	0.0	0.0	0.0	0.0	0.0	0.0	0.0	0.0	0.0	0.0	0.012	0.015	3.53
25	0.99	0.0	0.0	0.0	0.0	0.0	0.0	0.0	0.0	0.0	0.0	0.0	0.0	0.0	0.005	0.005	3.5210000000000004
25	0.993	0.0	0.0	0.0	0.0	0.0	0.0	0.0	0.0	0.0	0.0	0.0	0.0	0.0	0.0	0.006999999999999999	3.532
25	0.9888	0.0	0.0	0.0	0.0	0.0	0.0	0.0	0.0	0.0	0.0	0.0	0.0	0.0	0.0	0.011200000000000002	3.5410000000000004
25	0.9828	0.0	0.0	0.0	0.0	0.0	0.0	0.0	0.0	0.0	0.0	0.0	0.0	0.0	0.0	0.0172	3.554
25	0.968	0.0	0.0	0.0	0.0	0.0	0.0	0.0	0.0	0.0	0.0	0.0	0.0	0.0	0.0	0.032	3.557
25	0.952	0.0	0.0	0.0	0.0	0.0	0.0	0.0	0.0	0.0	0.0	0.0	0.0	0.0	0.0	0.048	3.577
25	0.933	0.0	0.0	0.0	0.0	0.0	0.0	0.0	0.0	0.0	0.0	0.0	0.0	0.0	0.0	0.067	3.592
25	0.9996	0.0004	0.0	0.0	0.0	0.0	0.0	0.0	0.0	0.0	0.0	0.0	0.0	0.0	0.0	0.0	3.5169
25	0.902	0.098	0.0	0.0	0.0	0.0	0.0	0.0	0.0	0.0	0.0	0.0	0.0	0.0	0.0	0.0	3.5184
25	0.805	0.195	0.0	0.0	0.0	0.0	0.0	0.0	0.0	0.0	0.0	0.0	0.0	0.0	0.0	0.0	3.5201
25	0.752	0.248	0.0	0.0	0.0	0.0	0.0	0.0	0.0	0.0	0.0	0.0	0.0	0.0	0.0	0.0	3.5215
25	0.7440000000000001	0.256	0.0	0.0	0.0	0.0	0.0	0.0	0.0	0.0	0.0	0.0	0.0	0.0	0.0	0.0	3.5221
25	0.71	0.29	0.0	0.0	0.0	0.0	0.0	0.0	0.0	0.0	0.0	0.0	0.0	0.0	0.0	0.0	3.5233
25	0.624	0.376	0.0	0.0	0.0	0.0	0.0	0.0	0.0	0.0	0.0	0.0	0.0	0.0	0.0	0.0	3.5249
25	0.507	0.493	0.0	0.0	0.0	0.0	0.0	0.0	0.0	0.0	0.0	0.0	0.0	0.0	0.0	0.0	3.5266
25	0.493	0.507	0.0	0.0	0.0	0.0	0.0	0.0	0.0	0.0	0.0	0.0	0.0	0.0	0.0	0.0	3.5274
25	0.411	0.589	0.0	0.0	0.0	0.0	0.0	0.0	0.0	0.0	0.0	0.0	0.0	0.0	0.0	0.0	3.5286
25	0.311	0.6890000000000001	0.0	0.0	0.0	0.0	0.0	0.0	0.0	0.0	0.0	0.0	0.0	0.0	0.0	0.0	3.5306
20	0.8959999999999999	0.104	0.0	0.0	0.0	0.0	0.0	0.0	0.0	0.0	0.0	0.0	0.0	0.0	0.0	0.0	3.5180000000000002
200	0.8959999999999999	0.104	0.0	0.0	0.0	0.0	0.0	0.0	0.0	0.0	0.0	0.0	0.0	0.0	0.0	0.0	3.528
350	0.8959999999999999	0.104	0.0	0.0	0.0	0.0	0.0	0.0	0.0	0.0	0.0	0.0	0.0	0.0	0.0	0.0	3.536
500	0.8959999999999999	0.104	0.0	0.0	0.0	0.0	0.0	0.0	0.0	0.0	0.0	0.0	0.0	0.0	0.0	0.0	3.5439999999999996
25	0.7349	0.0	0.0	0.2651	0.0	0.0	0.0	0.0	0.0	0.0	0.0	0.0	0.0	0.0	0.0	0.0	3.6424
25	0.7038	0.0	0.0643	0.2319	0.0	0.0	0.0	0.0	0.0	0.0	0.0	0.0	0.0	0.0	0.0	0.0	3.6349
25	0.5932999999999999	0.0	0.2978	0.109	0.0	0.0	0.0	0.0	0.0	0.0	0.0	0.0	0.0	0.0	0.0	0.0	3.6235
25	1.0	0.0	0.0	0.0	0.0	0.0	0.0	0.0	0.0	0.0	0.0	0.0	0.0	0.0	0.0	0.0	3.5273
25	0.902	0.0	0.098	0.0	0.0	0.0	0.0	0.0	0.0	0.0	0.0	0.0	0.0	0.0	0.0	0.0	3.5322
25	0.848	0.0	0.152	0.0	0.0	0.0	0.0	0.0	0.0	0.0	0.0	0.0	0.0	0.0	0.0	0.0	3.5387
25	0.802	0.0	0.198	0.0	0.0	0.0	0.0	0.0	0.0	0.0	0.0	0.0	0.0	0.0	0.0	0.0	3.5449
25	0.9658	0.0	0.0342	0.0	0.0	0.0	0.0	0.0	0.0	0.0	0.0	0.0	0.0	0.0	0.0	0.0	3.5194
25	0.9489	0.0	0.051100000000000007	0.0	0.0	0.0	0.0	0.0	0.0	0.0	0.0	0.0	0.0	0.0	0.0	0.0	3.5221
25	0.9137	0.0	0.0863	0.0	0.0	0.0	0.0	0.0	0.0	0.0	0.0	0.0	0.0	0.0	0.0	0.0	3.5252
25	0.9005	0.0	0.0995	0.0	0.0	0.0	0.0	0.0	0.0	0.0	0.0	0.0	0.0	0.0	0.0	0.0	3.5272
25	0.8771	0.0	0.1229	0.0	0.0	0.0	0.0	0.0	0.0	0.0	0.0	0.0	0.0	0.0	0.0	0.0	3.5292
25	0.8103	0.0	0.1897	0.0	0.0	0.0	0.0	0.0	0.0	0.0	0.0	0.0	0.0	0.0	0.0	0.0	3.5365
20	1.0	0.0	0.0	0.0	0.0	0.0	0.0	0.0	0.0	0.0	0.0	0.0	0.0	0.0	0.0	0.0	3.5239999999999996
200	1.0	0.0	0.0	0.0	0.0	0.0	0.0	0.0	0.0	0.0	0.0	0.0	0.0	0.0	0.0	0.0	3.536
350	1.0	0.0	0.0	0.0	0.0	0.0	0.0	0.0	0.0	0.0	0.0	0.0	0.0	0.0	0.0	0.0	3.545
500	1.0	0.0	0.0	0.0	0.0	0.0	0.0	0.0	0.0	0.0	0.0	0.0	0.0	0.0	0.0	0.0	3.554
20	0.895	0.0	0.105	0.0	0.0	0.0	0.0	0.0	0.0	0.0	0.0	0.0	0.0	0.0	0.0	0.0	3.5389999999999997
200	0.895	0.0	0.105	0.0	0.0	0.0	0.0	0.0	0.0	0.0	0.0	0.0	0.0	0.0	0.0	0.0	3.551
350	0.895	0.0	0.105	0.0	0.0	0.0	0.0	0.0	0.0	0.0	0.0	0.0	0.0	0.0	0.0	0.0	3.56
500	0.895	0.0	0.105	0.0	0.0	0.0	0.0	0.0	0.0	0.0	0.0	0.0	0.0	0.0	0.0	0.0	3.568
25	0.7764	0.0	0.0	0.0	0.0	0.0	0.0	0.0	0.0	0.0	0.0	0.0	0.1118	0.0	0.1118	0.0	3.5376
18	0.6759000000000001	0.0	0.0	0.0	0.0	0.0	0.0	0.0	0.0	0.0	0.0	0.0	0.0	0.0	0.32409999999999994	0.0	3.5426
18	0.764	0.0	0.0	0.0	0.0	0.0	0.0	0.0	0.0	0.0	0.0	0.0	0.0	0.0	0.236	0.0	3.536
18	0.8887999999999999	0.0	0.0	0.0	0.0	0.0	0.0	0.0	0.0	0.0	0.0	0.0	0.0	0.0	0.1112	0.0	3.5258
18	1.0	0.0	0.0	0.0	0.0	0.0	0.0	0.0	0.0	0.0	0.0	0.0	0.0	0.0	0.0	0.0	3.5166
25	0.6743000000000001	0.0	0.0	0.2064	0.0	0.0	0.0	0.0	0.0	0.0	0.0	0.0	0.1193	0.0	0.0	0.0	3.613
25	1.0	0.0	0.0	0.0	0.0	0.0	0.0	0.0	0.0	0.0	0.0	0.0	0.0	0.0	0.0	0.0	3.5169
25	0.979	0.0	0.0	0.0	0.0	0.0	0.0	0.0	0.0	0.0	0.0	0.0	0.021	0.0	0.0	0.0	3.5195
25	0.963	0.0	0.0	0.0	0.0	0.0	0.0	0.0	0.0	0.0	0.0	0.0	0.037000000000000005	0.0	0.0	0.0	3.5215
25	0.948	0.0	0.0	0.0	0.0	0.0	0.0	0.0	0.0	0.0	0.0	0.0	0.052000000000000005	0.0	0.0	0.0	3.5232
25	0.925	0.0	0.0	0.0	0.0	0.0	0.0	0.0	0.0	0.0	0.0	0.0	0.075	0.0	0.0	0.0	3.5255
25	0.905	0.0	0.0	0.0	0.0	0.0	0.0	0.0	0.0	0.0	0.0	0.0	0.095	0.0	0.0	0.0	3.5284
25	0.8959999999999999	0.0	0.0	0.0	0.0	0.0	0.0	0.0	0.0	0.0	0.0	0.0	0.104	0.0	0.0	0.0	3.5293
25	0.867	0.0	0.0	0.0	0.0	0.0	0.0	0.0	0.0	0.0	0.0	0.0	0.133	0.0	0.0	0.0	3.5322
25	0.8440000000000001	0.0	0.0	0.0	0.0	0.0	0.0	0.0	0.0	0.0	0.0	0.0	0.156	0.0	0.0	0.0	3.5354
25	0.828	0.0	0.0	0.0	0.0	0.0	0.0	0.0	0.0	0.0	0.0	0.0	0.172	0.0	0.0	0.0	3.5367
25	0.813	0.0	0.0	0.0	0.0	0.0	0.0	0.0	0.0	0.0	0.0	0.0	0.187	0.0	0.0	0.0	3.5387
25	0.802	0.0	0.0	0.0	0.0	0.0	0.0	0.0	0.0	0.0	0.0	0.0	0.198	0.0	0.0	0.0	3.5392
15	1.0	0.0	0.0	0.0	0.0	0.0	0.0	0.0	0.0	0.0	0.0	0.0	0.0	0.0	0.0	0.0	3.5171
100	1.0	0.0	0.0	0.0	0.0	0.0	0.0	0.0	0.0	0.0	0.0	0.0	0.0	0.0	0.0	0.0	3.5213
200	1.0	0.0	0.0	0.0	0.0	0.0	0.0	0.0	0.0	0.0	0.0	0.0	0.0	0.0	0.0	0.0	3.5264
300	1.0	0.0	0.0	0.0	0.0	0.0	0.0	0.0	0.0	0.0	0.0	0.0	0.0	0.0	0.0	0.0	3.5318
400	1.0	0.0	0.0	0.0	0.0	0.0	0.0	0.0	0.0	0.0	0.0	0.0	0.0	0.0	0.0	0.0	3.5384
500	1.0	0.0	0.0	0.0	0.0	0.0	0.0	0.0	0.0	0.0	0.0	0.0	0.0	0.0	0.0	0.0	3.5446
600	1.0	0.0	0.0	0.0	0.0	0.0	0.0	0.0	0.0	0.0	0.0	0.0	0.0	0.0	0.0	0.0	3.5509
15	0.966	0.0	0.0	0.0	0.0	0.0	0.0	0.0	0.0	0.0	0.0	0.0	0.034	0.0	0.0	0.0	3.5207
100	0.966	0.0	0.0	0.0	0.0	0.0	0.0	0.0	0.0	0.0	0.0	0.0	0.034	0.0	0.0	0.0	3.5246
200	0.966	0.0	0.0	0.0	0.0	0.0	0.0	0.0	0.0	0.0	0.0	0.0	0.034	0.0	0.0	0.0	3.5294
300	0.966	0.0	0.0	0.0	0.0	0.0	0.0	0.0	0.0	0.0	0.0	0.0	0.034	0.0	0.0	0.0	3.5347
400	0.966	0.0	0.0	0.0	0.0	0.0	0.0	0.0	0.0	0.0	0.0	0.0	0.034	0.0	0.0	0.0	3.5409
500	0.966	0.0	0.0	0.0	0.0	0.0	0.0	0.0	0.0	0.0	0.0	0.0	0.034	0.0	0.0	0.0	3.5468
600	0.966	0.0	0.0	0.0	0.0	0.0	0.0	0.0	0.0	0.0	0.0	0.0	0.034	0.0	0.0	0.0	3.5527
15	0.938	0.0	0.0	0.0	0.0	0.0	0.0	0.0	0.0	0.0	0.0	0.0	0.062	0.0	0.0	0.0	3.5241
100	0.938	0.0	0.0	0.0	0.0	0.0	0.0	0.0	0.0	0.0	0.0	0.0	0.062	0.0	0.0	0.0	3.528
200	0.938	0.0	0.0	0.0	0.0	0.0	0.0	0.0	0.0	0.0	0.0	0.0	0.062	0.0	0.0	0.0	3.5329
300	0.938	0.0	0.0	0.0	0.0	0.0	0.0	0.0	0.0	0.0	0.0	0.0	0.062	0.0	0.0	0.0	3.5382
400	0.938	0.0	0.0	0.0	0.0	0.0	0.0	0.0	0.0	0.0	0.0	0.0	0.062	0.0	0.0	0.0	3.5444
500	0.938	0.0	0.0	0.0	0.0	0.0	0.0	0.0	0.0	0.0	0.0	0.0	0.062	0.0	0.0	0.0	3.5504
600	0.938	0.0	0.0	0.0	0.0	0.0	0.0	0.0	0.0	0.0	0.0	0.0	0.062	0.0	0.0	0.0	3.5562
15	0.908	0.0	0.0	0.0	0.0	0.0	0.0	0.0	0.0	0.0	0.0	0.0	0.092	0.0	0.0	0.0	3.5278
100	0.908	0.0	0.0	0.0	0.0	0.0	0.0	0.0	0.0	0.0	0.0	0.0	0.092	0.0	0.0	0.0	3.5317
200	0.908	0.0	0.0	0.0	0.0	0.0	0.0	0.0	0.0	0.0	0.0	0.0	0.092	0.0	0.0	0.0	3.5365
300	0.908	0.0	0.0	0.0	0.0	0.0	0.0	0.0	0.0	0.0	0.0	0.0	0.092	0.0	0.0	0.0	3.5418
400	0.908	0.0	0.0	0.0	0.0	0.0	0.0	0.0	0.0	0.0	0.0	0.0	0.092	0.0	0.0	0.0	3.5478
500	0.908	0.0	0.0	0.0	0.0	0.0	0.0	0.0	0.0	0.0	0.0	0.0	0.092	0.0	0.0	0.0	3.5544
600	0.908	0.0	0.0	0.0	0.0	0.0	0.0	0.0	0.0	0.0	0.0	0.0	0.092	0.0	0.0	0.0	3.5602
15	0.8220000000000001	0.0	0.0	0.0	0.0	0.0	0.0	0.0	0.0	0.0	0.0	0.0	0.17800000000000002	0.0	0.0	0.0	3.5378
100	0.8220000000000001	0.0	0.0	0.0	0.0	0.0	0.0	0.0	0.0	0.0	0.0	0.0	0.17800000000000002	0.0	0.0	0.0	3.5417
200	0.8220000000000001	0.0	0.0	0.0	0.0	0.0	0.0	0.0	0.0	0.0	0.0	0.0	0.17800000000000002	0.0	0.0	0.0	3.5466
300	0.8220000000000001	0.0	0.0	0.0	0.0	0.0	0.0	0.0	0.0	0.0	0.0	0.0	0.17800000000000002	0.0	0.0	0.0	3.5518
400	0.8220000000000001	0.0	0.0	0.0	0.0	0.0	0.0	0.0	0.0	0.0	0.0	0.0	0.17800000000000002	0.0	0.0	0.0	3.5572
500	0.8220000000000001	0.0	0.0	0.0	0.0	0.0	0.0	0.0	0.0	0.0	0.0	0.0	0.17800000000000002	0.0	0.0	0.0	3.563
600	0.8220000000000001	0.0	0.0	0.0	0.0	0.0	0.0	0.0	0.0	0.0	0.0	0.0	0.17800000000000002	0.0	0.0	0.0	3.5691
15	0.728	0.0	0.0	0.0	0.0	0.0	0.0	0.0	0.0	0.0	0.0	0.0	0.272	0.0	0.0	0.0	3.5492
100	0.728	0.0	0.0	0.0	0.0	0.0	0.0	0.0	0.0	0.0	0.0	0.0	0.272	0.0	0.0	0.0	3.553
200	0.728	0.0	0.0	0.0	0.0	0.0	0.0	0.0	0.0	0.0	0.0	0.0	0.272	0.0	0.0	0.0	3.5576
300	0.728	0.0	0.0	0.0	0.0	0.0	0.0	0.0	0.0	0.0	0.0	0.0	0.272	0.0	0.0	0.0	3.5626
400	0.728	0.0	0.0	0.0	0.0	0.0	0.0	0.0	0.0	0.0	0.0	0.0	0.272	0.0	0.0	0.0	3.5676
500	0.728	0.0	0.0	0.0	0.0	0.0	0.0	0.0	0.0	0.0	0.0	0.0	0.272	0.0	0.0	0.0	3.573
600	0.728	0.0	0.0	0.0	0.0	0.0	0.0	0.0	0.0	0.0	0.0	0.0	0.272	0.0	0.0	0.0	3.5787
25	0.6354	0.0	0.0	0.0	0.0	0.0	0.0	0.0	0.0	0.0	0.0	0.0563	0.3083	0.0	0.0	0.0	3.565
25	0.7369	0.0	0.0	0.0	0.0	0.0	0.0	0.0	0.0	0.0	0.0	0.0566	0.2065	0.0	0.0	0.0	3.55
25	0.8393	0.0	0.0	0.0	0.0	0.0	0.0	0.0	0.0	0.0	0.0	0.05690000000000001	0.1038	0.0	0.0	0.0	3.534
20	0.9834	0.0	0.0	0.0	0.0	0.0	0.0	0.0	0.0	0.0	0.0	0.0	0.0	0.0166	0.0	0.0	3.5187
20	0.9679	0.0	0.0	0.0	0.0	0.0	0.0	0.0	0.0	0.0	0.0	0.0	0.0	0.0321	0.0	0.0	3.5211
20	0.96	0.0	0.0	0.0	0.0	0.0	0.0	0.0	0.0	0.0	0.0	0.0	0.0	0.04	0.0	0.0	3.5242
20	0.9388	0.0	0.0	0.0	0.0	0.0	0.0	0.0	0.0	0.0	0.0	0.0	0.0	0.0612	0.0	0.0	3.5262
20	0.9384	0.0	0.0	0.0	0.0	0.0	0.0	0.0	0.0	0.0	0.0	0.0	0.0	0.0616	0.0	0.0	3.5263
20	0.9204	0.0	0.0	0.0	0.0	0.0	0.0	0.0	0.0	0.0	0.0	0.0	0.0	0.0796	0.0	0.0	3.5316
20	0.9069	0.0	0.0	0.0	0.0	0.0	0.0	0.0	0.0	0.0	0.0	0.0	0.0	0.0931	0.0	0.0	3.5345
20	0.8872	0.0	0.0	0.0	0.0	0.0	0.0	0.0	0.0	0.0	0.0	0.0	0.0	0.1128	0.0	0.0	3.5408
20	0.8835999999999999	0.0	0.0	0.0	0.0	0.0	0.0	0.0	0.0	0.0	0.0	0.0	0.0	0.1164	0.0	0.0	3.5408
20	0.8547	0.0	0.0	0.0	0.0	0.0	0.0	0.0	0.0	0.0	0.0	0.0	0.0	0.14529999999999998	0.0	0.0	3.5474
20	0.8428	0.0	0.0	0.0	0.0	0.0	0.0	0.0	0.0	0.0	0.0	0.0	0.0	0.1572	0.0	0.0	3.5521
25	1.0	0.0	0.0	0.0	0.0	0.0	0.0	0.0	0.0	0.0	0.0	0.0	0.0	0.0	0.0	0.0	3.5189999999999997
25	0.9877	0.0	0.0	0.0123	0.0	0.0	0.0	0.0	0.0	0.0	0.0	0.0	0.0	0.0	0.0	0.0	3.522
25	0.9495	0.0	0.0	0.0505	0.0	0.0	0.0	0.0	0.0	0.0	0.0	0.0	0.0	0.0	0.0	0.0	3.5389999999999997
25	0.9025	0.0	0.0	0.0975	0.0	0.0	0.0	0.0	0.0	0.0	0.0	0.0	0.0	0.0	0.0	0.0	3.556
25	0.8528	0.0	0.0	0.1472	0.0	0.0	0.0	0.0	0.0	0.0	0.0	0.0	0.0	0.0	0.0	0.0	3.575
25	0.838	0.0	0.0	0.162	0.0	0.0	0.0	0.0	0.0	0.0	0.0	0.0	0.0	0.0	0.0	0.0	3.583
25	0.823	0.0	0.0	0.177	0.0	0.0	0.0	0.0	0.0	0.0	0.0	0.0	0.0	0.0	0.0	0.0	3.59
25	0.8077	0.0	0.0	0.1923	0.0	0.0	0.0	0.0	0.0	0.0	0.0	0.0	0.0	0.0	0.0	0.0	3.596
25	0.7922	0.0	0.0	0.2078	0.0	0.0	0.0	0.0	0.0	0.0	0.0	0.0	0.0	0.0	0.0	0.0	3.603
25	0.8815000000000001	0.0	0.0	0.1185	0.0	0.0	0.0	0.0	0.0	0.0	0.0	0.0	0.0	0.0	0.0	0.0	3.5724
25	0.8673000000000001	0.0	0.0	0.13269999999999998	0.0	0.0	0.0	0.0	0.0	0.0	0.0	0.0	0.0	0.0	0.0	0.0	3.5793
25	0.8528	0.0	0.0	0.1472	0.0	0.0	0.0	0.0	0.0	0.0	0.0	0.0	0.0	0.0	0.0	0.0	3.5853
25	0.838	0.0	0.0	0.162	0.0	0.0	0.0	0.0	0.0	0.0	0.0	0.0	0.0	0.0	0.0	0.0	3.5917
25	0.823	0.0	0.0	0.177	0.0	0.0	0.0	0.0	0.0	0.0	0.0	0.0	0.0	0.0	0.0	0.0	3.597
25	0.8077	0.0	0.0	0.1923	0.0	0.0	0.0	0.0	0.0	0.0	0.0	0.0	0.0	0.0	0.0	0.0	3.6042
25	0.8	0.0	0.0	0.2	0.0	0.0	0.0	0.0	0.0	0.0	0.0	0.0	0.0	0.0	0.0	0.0	3.608
25	0.7922	0.0	0.0	0.2078	0.0	0.0	0.0	0.0	0.0	0.0	0.0	0.0	0.0	0.0	0.0	0.0	3.6105
25	0.7764	0.0	0.0	0.2236	0.0	0.0	0.0	0.0	0.0	0.0	0.0	0.0	0.0	0.0	0.0	0.0	3.6180000000000003
25	1.0	0.0	0.0	0.0	0.0	0.0	0.0	0.0	0.0	0.0	0.0	0.0	0.0	0.0	0.0	0.0	3.5189999999999997
25	0.968	0.0	0.0	0.0	0.0	0.0	0.0	0.032	0.0	0.0	0.0	0.0	0.0	0.0	0.0	0.0	3.5380000000000003
25	0.921	0.0	0.0	0.0	0.0	0.0	0.0	0.079	0.0	0.0	0.0	0.0	0.0	0.0	0.0	0.0	3.5660000000000003
16	1.0	0.0	0.0	0.0	0.0	0.0	0.0	0.0	0.0	0.0	0.0	0.0	0.0	0.0	0.0	0.0	3.5172
98	1.0	0.0	0.0	0.0	0.0	0.0	0.0	0.0	0.0	0.0	0.0	0.0	0.0	0.0	0.0	0.0	3.5212
187	1.0	0.0	0.0	0.0	0.0	0.0	0.0	0.0	0.0	0.0	0.0	0.0	0.0	0.0	0.0	0.0	3.5259
257	1.0	0.0	0.0	0.0	0.0	0.0	0.0	0.0	0.0	0.0	0.0	0.0	0.0	0.0	0.0	0.0	3.5295
275	1.0	0.0	0.0	0.0	0.0	0.0	0.0	0.0	0.0	0.0	0.0	0.0	0.0	0.0	0.0	0.0	3.5302
301	1.0	0.0	0.0	0.0	0.0	0.0	0.0	0.0	0.0	0.0	0.0	0.0	0.0	0.0	0.0	0.0	3.5319
331	1.0	0.0	0.0	0.0	0.0	0.0	0.0	0.0	0.0	0.0	0.0	0.0	0.0	0.0	0.0	0.0	3.5336
333	1.0	0.0	0.0	0.0	0.0	0.0	0.0	0.0	0.0	0.0	0.0	0.0	0.0	0.0	0.0	0.0	3.5338
336	1.0	0.0	0.0	0.0	0.0	0.0	0.0	0.0	0.0	0.0	0.0	0.0	0.0	0.0	0.0	0.0	3.5338
338	1.0	0.0	0.0	0.0	0.0	0.0	0.0	0.0	0.0	0.0	0.0	0.0	0.0	0.0	0.0	0.0	3.5339
341	1.0	0.0	0.0	0.0	0.0	0.0	0.0	0.0	0.0	0.0	0.0	0.0	0.0	0.0	0.0	0.0	3.5343
342	1.0	0.0	0.0	0.0	0.0	0.0	0.0	0.0	0.0	0.0	0.0	0.0	0.0	0.0	0.0	0.0	3.5343
343	1.0	0.0	0.0	0.0	0.0	0.0	0.0	0.0	0.0	0.0	0.0	0.0	0.0	0.0	0.0	0.0	3.5342
345	1.0	0.0	0.0	0.0	0.0	0.0	0.0	0.0	0.0	0.0	0.0	0.0	0.0	0.0	0.0	0.0	3.5345
346	1.0	0.0	0.0	0.0	0.0	0.0	0.0	0.0	0.0	0.0	0.0	0.0	0.0	0.0	0.0	0.0	3.5347
348	1.0	0.0	0.0	0.0	0.0	0.0	0.0	0.0	0.0	0.0	0.0	0.0	0.0	0.0	0.0	0.0	3.5346
349	1.0	0.0	0.0	0.0	0.0	0.0	0.0	0.0	0.0	0.0	0.0	0.0	0.0	0.0	0.0	0.0	3.5347
352	1.0	0.0	0.0	0.0	0.0	0.0	0.0	0.0	0.0	0.0	0.0	0.0	0.0	0.0	0.0	0.0	3.535
356	1.0	0.0	0.0	0.0	0.0	0.0	0.0	0.0	0.0	0.0	0.0	0.0	0.0	0.0	0.0	0.0	3.5355
359	1.0	0.0	0.0	0.0	0.0	0.0	0.0	0.0	0.0	0.0	0.0	0.0	0.0	0.0	0.0	0.0	3.5356
362	1.0	0.0	0.0	0.0	0.0	0.0	0.0	0.0	0.0	0.0	0.0	0.0	0.0	0.0	0.0	0.0	3.5359
363	1.0	0.0	0.0	0.0	0.0	0.0	0.0	0.0	0.0	0.0	0.0	0.0	0.0	0.0	0.0	0.0	3.536
365	1.0	0.0	0.0	0.0	0.0	0.0	0.0	0.0	0.0	0.0	0.0	0.0	0.0	0.0	0.0	0.0	3.5361
370	1.0	0.0	0.0	0.0	0.0	0.0	0.0	0.0	0.0	0.0	0.0	0.0	0.0	0.0	0.0	0.0	3.5367
373	1.0	0.0	0.0	0.0	0.0	0.0	0.0	0.0	0.0	0.0	0.0	0.0	0.0	0.0	0.0	0.0	3.5367
374	1.0	0.0	0.0	0.0	0.0	0.0	0.0	0.0	0.0	0.0	0.0	0.0	0.0	0.0	0.0	0.0	3.5367
378	1.0	0.0	0.0	0.0	0.0	0.0	0.0	0.0	0.0	0.0	0.0	0.0	0.0	0.0	0.0	0.0	3.5371
388	1.0	0.0	0.0	0.0	0.0	0.0	0.0	0.0	0.0	0.0	0.0	0.0	0.0	0.0	0.0	0.0	3.5379
398	1.0	0.0	0.0	0.0	0.0	0.0	0.0	0.0	0.0	0.0	0.0	0.0	0.0	0.0	0.0	0.0	3.5383
405	1.0	0.0	0.0	0.0	0.0	0.0	0.0	0.0	0.0	0.0	0.0	0.0	0.0	0.0	0.0	0.0	3.5387
410	1.0	0.0	0.0	0.0	0.0	0.0	0.0	0.0	0.0	0.0	0.0	0.0	0.0	0.0	0.0	0.0	3.5388
411	1.0	0.0	0.0	0.0	0.0	0.0	0.0	0.0	0.0	0.0	0.0	0.0	0.0	0.0	0.0	0.0	3.5388
429	1.0	0.0	0.0	0.0	0.0	0.0	0.0	0.0	0.0	0.0	0.0	0.0	0.0	0.0	0.0	0.0	3.5403
460	1.0	0.0	0.0	0.0	0.0	0.0	0.0	0.0	0.0	0.0	0.0	0.0	0.0	0.0	0.0	0.0	3.5422
501	1.0	0.0	0.0	0.0	0.0	0.0	0.0	0.0	0.0	0.0	0.0	0.0	0.0	0.0	0.0	0.0	3.5448
557	1.0	0.0	0.0	0.0	0.0	0.0	0.0	0.0	0.0	0.0	0.0	0.0	0.0	0.0	0.0	0.0	3.5482
603	1.0	0.0	0.0	0.0	0.0	0.0	0.0	0.0	0.0	0.0	0.0	0.0	0.0	0.0	0.0	0.0	3.5508
608	1.0	0.0	0.0	0.0	0.0	0.0	0.0	0.0	0.0	0.0	0.0	0.0	0.0	0.0	0.0	0.0	3.5517
25	0.9771	0.0	0.0	0.0	0.0	0.0	0.0229	0.0	0.0	0.0	0.0	0.0	0.0	0.0	0.0	0.0	3.5245
25	0.9572	0.0	0.0	0.0	0.0	0.0	0.042800000000000005	0.0	0.0	0.0	0.0	0.0	0.0	0.0	0.0	0.0	3.5317
25	0.9385	0.0	0.0	0.0	0.0	0.0	0.06150000000000001	0.0	0.0	0.0	0.0	0.0	0.0	0.0	0.0	0.0	3.5372
25	0.9064	0.0	0.0	0.0	0.0	0.0	0.0936	0.0	0.0	0.0	0.0	0.0	0.0	0.0	0.0	0.0	3.5496
25	1.0	0.0	0.0	0.0	0.0	0.0	0.0	0.0	0.0	0.0	0.0	0.0	0.0	0.0	0.0	0.0	3.5168
25	0.974	0.0	0.0	0.0	0.0	0.0	0.026	0.0	0.0	0.0	0.0	0.0	0.0	0.0	0.0	0.0	3.5252
25	0.942	0.0	0.0	0.0	0.0	0.0	0.058	0.0	0.0	0.0	0.0	0.0	0.0	0.0	0.0	0.0	3.5363
25	0.93	0.0	0.0	0.0	0.0	0.0	0.07	0.0	0.0	0.0	0.0	0.0	0.0	0.0	0.0	0.0	3.5409
25	0.905	0.0	0.0	0.0	0.0	0.0	0.095	0.0	0.0	0.0	0.0	0.0	0.0	0.0	0.0	0.0	3.5485
18	0.9743	0.0	0.0	0.0	0.0	0.0	0.0	0.0	0.0	0.0	0.0	0.0257	0.0	0.0	0.0	0.0	3.5211
18	0.9535	0.0	0.0	0.0	0.0	0.0	0.0	0.0	0.0	0.0	0.0	0.046500000000000014	0.0	0.0	0.0	0.0	3.5255
18	0.9431	0.0	0.0	0.0	0.0	0.0	0.0	0.0	0.0	0.0	0.0	0.05690000000000001	0.0	0.0	0.0	0.0	3.5262
18	0.921	0.0	0.0	0.0	0.0	0.0	0.0	0.0	0.0	0.0	0.0	0.079	0.0	0.0	0.0	0.0	3.5298
18	0.9041	0.0	0.0	0.0	0.0	0.0	0.0	0.0	0.0	0.0	0.0	0.0959	0.0	0.0	0.0	0.0	3.5319
18	0.8956000000000001	0.0	0.0	0.0	0.0	0.0	0.0	0.0	0.0	0.0	0.0	0.1044	0.0	0.0	0.0	0.0	3.5317
18	0.8467	0.0	0.0	0.0	0.0	0.0	0.0	0.0	0.0	0.0	0.0	0.1533	0.0	0.0	0.0	0.0	3.5415
18	0.8462999999999999	0.0	0.0	0.0	0.0	0.0	0.0	0.0	0.0	0.0	0.0	0.1537	0.0	0.0	0.0	0.0	3.5414
18	0.8106	0.0	0.0	0.0	0.0	0.0	0.0	0.0	0.0	0.0	0.0	0.1894	0.0	0.0	0.0	0.0	3.5471
18	0.7951	0.0	0.0	0.0	0.0	0.0	0.0	0.0	0.0	0.0	0.0	0.2049	0.0	0.0	0.0	0.0	3.5511
18	0.7939	0.0	0.0	0.0	0.0	0.0	0.0	0.0	0.0	0.0	0.0	0.2061	0.0	0.0	0.0	0.0	3.5506
18	0.7911	0.0	0.0	0.0	0.0	0.0	0.0	0.0	0.0	0.0	0.0	0.2089	0.0	0.0	0.0	0.0	3.5509
18	0.7685	0.0	0.0	0.0	0.0	0.0	0.0	0.0	0.0	0.0	0.0	0.2315	0.0	0.0	0.0	0.0	3.5558
18	0.764	0.0	0.0	0.0	0.0	0.0	0.0	0.0	0.0	0.0	0.0	0.236	0.0	0.0	0.0	0.0	3.5561
18	0.7531	0.0	0.0	0.0	0.0	0.0	0.0	0.0	0.0	0.0	0.0	0.2469	0.0	0.0	0.0	0.0	3.5587
18	0.7037	0.0	0.0	0.0	0.0	0.0	0.0	0.0	0.0	0.0	0.0	0.2963	0.0	0.0	0.0	0.0	3.5735
18	0.6759000000000001	0.0	0.0	0.0	0.0	0.0	0.0	0.0	0.0	0.0	0.0	0.32409999999999994	0.0	0.0	0.0	0.0	3.5831
18	0.648	0.0	0.0	0.0	0.0	0.0	0.0	0.0	0.0	0.0	0.0	0.35200000000000004	0.0	0.0	0.0	0.0	3.5905
18	0.6470999999999999	0.0	0.0	0.0	0.0	0.0	0.0	0.0	0.0	0.0	0.0	0.3529	0.0	0.0	0.0	0.0	3.5927
18	0.6448	0.0	0.0	0.0	0.0	0.0	0.0	0.0	0.0	0.0	0.0	0.3552	0.0	0.0	0.0	0.0	3.5975
18	0.6394	0.0	0.0	0.0	0.0	0.0	0.0	0.0	0.0	0.0	0.0	0.3606	0.0	0.0	0.0	0.0	3.5966
18	0.6202000000000001	0.0	0.0	0.0	0.0	0.0	0.0	0.0	0.0	0.0	0.0	0.3798	0.0	0.0	0.0	0.0	3.6013
18	0.6169	0.0	0.0	0.0	0.0	0.0	0.0	0.0	0.0	0.0	0.0	0.3831	0.0	0.0	0.0	0.0	3.6038
18	0.6015999999999999	0.0	0.0	0.0	0.0	0.0	0.0	0.0	0.0	0.0	0.0	0.3984	0.0	0.0	0.0	0.0	3.6091
18	0.597	0.0	0.0	0.0	0.0	0.0	0.0	0.0	0.0	0.0	0.0	0.403	0.0	0.0	0.0	0.0	3.6097
18	0.5808	0.0	0.0	0.0	0.0	0.0	0.0	0.0	0.0	0.0	0.0	0.4192	0.0	0.0	0.0	0.0	3.6179
25	0.9711	0.0	0.0	0.0	0.0289	0.0	0.0	0.0	0.0	0.0	0.0	0.0	0.0	0.0	0.0	0.0	3.5279
25	0.9208	0.0	0.0	0.0	0.07919999999999999	0.0	0.0	0.0	0.0	0.0	0.0	0.0	0.0	0.0	0.0	0.0	3.5501
25	0.8734000000000001	0.0	0.0	0.0	0.1266	0.0	0.0	0.0	0.0	0.0	0.0	0.0	0.0	0.0	0.0	0.0	3.57
25	0.8590000000000001	0.0	0.0	0.0	0.141	0.0	0.0	0.0	0.0	0.0	0.0	0.0	0.0	0.0	0.0	0.0	3.5839999999999996
25	1.0	0.0	0.0	0.0	0.0	0.0	0.0	0.0	0.0	0.0	0.0	0.0	0.0	0.0	0.0	0.0	3.5242
25	0.9944	0.0	0.0	0.0	0.0	0.0	0.0	0.0	0.0	0.005600000000000001	0.0	0.0	0.0	0.0	0.0	0.0	3.529
25	0.9888	0.0	0.0	0.0	0.0	0.0	0.0	0.0	0.0	0.011200000000000002	0.0	0.0	0.0	0.0	0.0	0.0	3.535
25	1.0	0.0	0.0	0.0	0.0	0.0	0.0	0.0	0.0	0.0	0.0	0.0	0.0	0.0	0.0	0.0	3.5241
25	0.96989	0.0	0.0	0.0	0.0	0.0	0.0	0.03011	0.0	0.0	0.0	0.0	0.0	0.0	0.0	0.0	3.5473
25	0.94052	0.0	0.0	0.0	0.0	0.0	0.0	0.05948	0.0	0.0	0.0	0.0	0.0	0.0	0.0	0.0	3.5625
25	1.0	0.0	0.0	0.0	0.0	0.0	0.0	0.0	0.0	0.0	0.0	0.0	0.0	0.0	0.0	0.0	3.5246
25	0.97981	0.0	0.0	0.0	0.0	0.0	0.0	0.0	0.02019	0.0	0.0	0.0	0.0	0.0	0.0	0.0	3.5393
25	0.96	0.0	0.0	0.0	0.0	0.0	0.0	0.0	0.04	0.0	0.0	0.0	0.0	0.0	0.0	0.0	3.552
25	0.9403799999999999	0.0	0.0	0.0	0.0	0.0	0.0	0.0	0.05962000000000001	0.0	0.0	0.0	0.0	0.0	0.0	0.0	3.5658
25	0.91981	0.0	0.0	0.0	0.0	0.0	0.0	0.0	0.08019	0.0	0.0	0.0	0.0	0.0	0.0	0.0	3.5773
20	0.7768	0.0	0.0	0.1894	0.0	0.0283	0.0	0.0	0.0055000000000000005	0.0	0.0	0.0	0.0	0.0	0.0	0.0	3.6133
100	0.7768	0.0	0.0	0.1894	0.0	0.0283	0.0	0.0	0.0055000000000000005	0.0	0.0	0.0	0.0	0.0	0.0	0.0	3.6173
200	0.7768	0.0	0.0	0.1894	0.0	0.0283	0.0	0.0	0.0055000000000000005	0.0	0.0	0.0	0.0	0.0	0.0	0.0	3.6215
300	0.7768	0.0	0.0	0.1894	0.0	0.0283	0.0	0.0	0.0055000000000000005	0.0	0.0	0.0	0.0	0.0	0.0	0.0	3.6256
400	0.7768	0.0	0.0	0.1894	0.0	0.0283	0.0	0.0	0.0055000000000000005	0.0	0.0	0.0	0.0	0.0	0.0	0.0	3.6294
500	0.7768	0.0	0.0	0.1894	0.0	0.0283	0.0	0.0	0.0055000000000000005	0.0	0.0	0.0	0.0	0.0	0.0	0.0	3.6355
600	0.7768	0.0	0.0	0.1894	0.0	0.0283	0.0	0.0	0.0055000000000000005	0.0	0.0	0.0	0.0	0.0	0.0	0.0	3.6372
800	0.7768	0.0	0.0	0.1894	0.0	0.0283	0.0	0.0	0.0055000000000000005	0.0	0.0	0.0	0.0	0.0	0.0	0.0	3.6492
850	0.7768	0.0	0.0	0.1894	0.0	0.0283	0.0	0.0	0.0055000000000000005	0.0	0.0	0.0	0.0	0.0	0.0	0.0	3.6518
900	0.7772	0.0	0.0	0.1811	0.0	0.0355	0.0	0.0	0.0062	0.0	0.0	0.0	0.0	0.0	0.0	0.0	3.6546
950	0.7761	0.0	0.0	0.1734	0.0	0.0436	0.0	0.0	0.0069	0.0	0.0	0.0	0.0	0.0	0.0	0.0	3.658
1000	0.7751	0.0	0.0	0.1642	0.0	0.0529	0.0	0.0	0.0078	0.0	0.0	0.0	0.0	0.0	0.0	0.0	3.6606
20	0.6739	0.0	0.2329	0.0123	0.0433	0.0319	0.0027	0.0	0.003	0.0	0.0	0.0	0.0	0.0	0.0	0.0	3.5976
100	0.6739	0.0	0.2329	0.0123	0.0433	0.0319	0.0027	0.0	0.003	0.0	0.0	0.0	0.0	0.0	0.0	0.0	3.6
200	0.6739	0.0	0.2329	0.0123	0.0433	0.0319	0.0027	0.0	0.003	0.0	0.0	0.0	0.0	0.0	0.0	0.0	3.6051
300	0.6739	0.0	0.2329	0.0123	0.0433	0.0319	0.0027	0.0	0.003	0.0	0.0	0.0	0.0	0.0	0.0	0.0	3.6101
400	0.6739	0.0	0.2329	0.0123	0.0433	0.0319	0.0027	0.0	0.003	0.0	0.0	0.0	0.0	0.0	0.0	0.0	3.6151
500	0.6739	0.0	0.2329	0.0123	0.0433	0.0319	0.0027	0.0	0.003	0.0	0.0	0.0	0.0	0.0	0.0	0.0	3.6202
600	0.6739	0.0	0.2329	0.0123	0.0433	0.0319	0.0027	0.0	0.003	0.0	0.0	0.0	0.0	0.0	0.0	0.0	3.6241
700	0.6739	0.0	0.2329	0.0123	0.0433	0.0319	0.0027	0.0	0.003	0.0	0.0	0.0	0.0	0.0	0.0	0.0	3.6301
800	0.6739	0.0	0.2329	0.0123	0.0433	0.0319	0.0027	0.0	0.003	0.0	0.0	0.0	0.0	0.0	0.0	0.0	3.6356
850	0.6739	0.0	0.2329	0.0123	0.0433	0.0319	0.0027	0.0	0.003	0.0	0.0	0.0	0.0	0.0	0.0	0.0	3.6398
900	0.6819	0.0	0.217	0.0119	0.0429	0.0392	0.0037	0.0	0.0034	0.0	0.0	0.0	0.0	0.0	0.0	0.0	3.642
950	0.6903	0.0	0.1997	0.0114	0.0424	0.0475	0.005	0.0	0.0038	0.0	0.0	0.0	0.0	0.0	0.0	0.0	3.6447
1000	0.6977	0.0	0.1822	0.0108	0.0416	0.05690000000000001	0.006500000000000001	0.0	0.0042	0.0	0.0	0.0	0.0	0.0	0.0	0.0	3.6485
20	0.6093999999999999	0.0888	0.2138	0.0074	0.0395	0.035	0.0033	0.0	0.0028000000000000004	0.0	0.0	0.0	0.0	0.0	0.0	0.0	3.5871
100	0.6093999999999999	0.0888	0.2138	0.0074	0.0395	0.035	0.0033	0.0	0.0028000000000000004	0.0	0.0	0.0	0.0	0.0	0.0	0.0	3.5906
200	0.6093999999999999	0.0888	0.2138	0.0074	0.0395	0.035	0.0033	0.0	0.0028000000000000004	0.0	0.0	0.0	0.0	0.0	0.0	0.0	3.5952
300	0.6093999999999999	0.0888	0.2138	0.0074	0.0395	0.035	0.0033	0.0	0.0028000000000000004	0.0	0.0	0.0	0.0	0.0	0.0	0.0	3.5994
400	0.6093999999999999	0.0888	0.2138	0.0074	0.0395	0.035	0.0033	0.0	0.0028000000000000004	0.0	0.0	0.0	0.0	0.0	0.0	0.0	3.6049
500	0.6093999999999999	0.0888	0.2138	0.0074	0.0395	0.035	0.0033	0.0	0.0028000000000000004	0.0	0.0	0.0	0.0	0.0	0.0	0.0	3.6101
600	0.6093999999999999	0.0888	0.2138	0.0074	0.0395	0.035	0.0033	0.0	0.0028000000000000004	0.0	0.0	0.0	0.0	0.0	0.0	0.0	3.6153
700	0.6093999999999999	0.0888	0.2138	0.0074	0.0395	0.035	0.0033	0.0	0.0028000000000000004	0.0	0.0	0.0	0.0	0.0	0.0	0.0	3.6209
800	0.6093999999999999	0.0888	0.2138	0.0074	0.0395	0.035	0.0033	0.0	0.0028000000000000004	0.0	0.0	0.0	0.0	0.0	0.0	0.0	3.6278
850	0.6093999999999999	0.0888	0.2138	0.0074	0.0395	0.035	0.0033	0.0	0.0028000000000000004	0.0	0.0	0.0	0.0	0.0	0.0	0.0	3.6299
900	0.6195	0.08310000000000001	0.2005	0.0072	0.0393	0.0427	0.0045000000000000005	0.0	0.0032	0.0	0.0	0.0	0.0	0.0	0.0	0.0	3.634
950	0.63381	0.0768	0.18229	0.0068000000000000005	0.0388	0.0519	0.006	0.0	0.0036	0.0	0.0	0.0	0.0	0.0	0.0	0.0	3.6375
1000	0.642	0.0716	0.16829999999999998	0.006500000000000001	0.0383	0.06150000000000001	0.0078	0.0	0.004	0.0	0.0	0.0	0.0	0.0	0.0	0.0	3.6407
20	1.0	0.0	0.0	0.0	0.0	0.0	0.0	0.0	0.0	0.0	0.0	0.0	0.0	0.0	0.0	0.0	3.5239999999999996
20	0.889	0.0	0.111	0.0	0.0	0.0	0.0	0.0	0.0	0.0	0.0	0.0	0.0	0.0	0.0	0.0	3.535
20	0.7490000000000001	0.0	0.111	0.0	0.0	0.14	0.0	0.0	0.0	0.0	0.0	0.0	0.0	0.0	0.0	0.0	3.623
20	0.7190000000000001	0.0	0.111	0.0	0.0	0.17	0.0	0.0	0.0	0.0	0.0	0.0	0.0	0.0	0.0	0.0	3.5639999999999996
20	0.8	0.0	0.2	0.0	0.0	0.0	0.0	0.0	0.0	0.0	0.0	0.0	0.0	0.0	0.0	0.0	3.5460000000000003
20	0.7	0.0	0.2	0.0	0.0	0.1	0.0	0.0	0.0	0.0	0.0	0.0	0.0	0.0	0.0	0.0	3.553
20	0.97	0.0	0.0	0.03	0.0	0.0	0.0	0.0	0.0	0.0	0.0	0.0	0.0	0.0	0.0	0.0	3.5389999999999997
20	0.94	0.0	0.0	0.06	0.0	0.0	0.0	0.0	0.0	0.0	0.0	0.0	0.0	0.0	0.0	0.0	3.552
20	0.91	0.0	0.0	0.09	0.0	0.0	0.0	0.0	0.0	0.0	0.0	0.0	0.0	0.0	0.0	0.0	3.565
20	0.903	0.0	0.0	0.097	0.0	0.0	0.0	0.0	0.0	0.0	0.0	0.0	0.0	0.0	0.0	0.0	3.563
20	0.782	0.0	0.0	0.218	0.0	0.0	0.0	0.0	0.0	0.0	0.0	0.0	0.0	0.0	0.0	0.0	3.61
20	0.92	0.0	0.0	0.0	0.0	0.0	0.0	0.0	0.08	0.0	0.0	0.0	0.0	0.0	0.0	0.0	3.5780000000000003
20	0.91	0.0	0.0	0.0	0.09	0.0	0.0	0.0	0.0	0.0	0.0	0.0	0.0	0.0	0.0	0.0	3.5635
20	0.845	0.0	0.0	0.0	0.155	0.0	0.0	0.0	0.0	0.0	0.0	0.0	0.0	0.0	0.0	0.0	3.588
