Temp	Nickel	Cobalt	Chromium	Molybdenum	Tungsten	Aluminium	Titanium	Niobium	Tantalum	Hafnium	Rhenium	Vanadium	Ferrite	Galium	Copper	Gold
25	0.5011	0.1907	0.2018	0.0079	0.024399999999999998	0.0392	0.0022	0.0	0.0059	0.0001	0.026699999999999998	0.0	0.0	0.0	0.0	0.0
500	0.5011	0.1907	0.2018	0.0079	0.024399999999999998	0.0392	0.0022	0.0	0.0059	0.0001	0.026699999999999998	0.0	0.0	0.0	0.0	0.0
800	0.5011	0.1907	0.2018	0.0079	0.024399999999999998	0.0392	0.0022	0.0	0.0059	0.0001	0.026699999999999998	0.0	0.0	0.0	0.0	0.0
900	0.5224	0.1761	0.1865	0.0077	0.024399999999999998	0.0478	0.003	0.0	0.006500000000000001	0.0001	0.0255	0.0	0.0	0.0	0.0	0.0
1000	0.5652	0.14880000000000002	0.1515	0.0069	0.024	0.06860000000000001	0.0053	0.0	0.0083	0.0001	0.021400000000000002	0.0	0.0	0.0	0.0	0.0
1100	0.5976	0.1263	0.11800000000000001	0.005699999999999999	0.0229	0.0933	0.0086	0.0	0.0109	0.0001	0.0165	0.0	0.0	0.0	0.0	0.0
25	0.6739	0.0	0.2329	0.0123	0.0433	0.0319	0.0027	0.0	0.003	0.0	0.0	0.0	0.0	0.0	0.0	0.0
300	0.6739	0.0	0.2329	0.0123	0.0433	0.0319	0.0027	0.0	0.003	0.0	0.0	0.0	0.0	0.0	0.0	0.0
500	0.6739	0.0	0.2329	0.0123	0.0433	0.0319	0.0027	0.0	0.003	0.0	0.0	0.0	0.0	0.0	0.0	0.0
600	0.6739	0.0	0.2329	0.0123	0.0433	0.0319	0.0027	0.0	0.003	0.0	0.0	0.0	0.0	0.0	0.0	0.0
700	0.6739	0.0	0.2329	0.0123	0.0433	0.0319	0.0027	0.0	0.003	0.0	0.0	0.0	0.0	0.0	0.0	0.0
800	0.6739	0.0	0.2329	0.0123	0.0433	0.0319	0.0027	0.0	0.003	0.0	0.0	0.0	0.0	0.0	0.0	0.0
900	0.6819	0.0	0.217	0.011899999999999999	0.0429	0.0392	0.0037	0.0	0.0034000000000000002	0.0	0.0	0.0	0.0	0.0	0.0	0.0
1000	0.6977	0.0	0.1822	0.0108	0.0416	0.056900000000000006	0.006500000000000001	0.0	0.0042	0.0	0.0	0.0	0.0	0.0	0.0	0.0
1100	0.7081000000000001	0.0	0.14880000000000002	0.009399999999999999	0.0395	0.0788	0.0101	0.0	0.0054	0.0	0.0	0.0	0.0	0.0	0.0	0.0
25	0.45039999999999997	0.23440000000000003	0.2237	0.030899999999999997	0.0	0.0516	0.009000000000000001	0.0	0.0	0.0	0.0	0.0	0.0	0.0	0.0	0.0
300	0.45039999999999997	0.23440000000000003	0.2237	0.030899999999999997	0.0	0.0516	0.009000000000000001	0.0	0.0	0.0	0.0	0.0	0.0	0.0	0.0	0.0
500	0.45039999999999997	0.23440000000000003	0.2237	0.030899999999999997	0.0	0.0516	0.009000000000000001	0.0	0.0	0.0	0.0	0.0	0.0	0.0	0.0	0.0
600	0.45039999999999997	0.23440000000000003	0.2237	0.030899999999999997	0.0	0.0516	0.009000000000000001	0.0	0.0	0.0	0.0	0.0	0.0	0.0	0.0	0.0
700	0.45039999999999997	0.23440000000000003	0.2237	0.030899999999999997	0.0	0.0516	0.009000000000000001	0.0	0.0	0.0	0.0	0.0	0.0	0.0	0.0	0.0
800	0.45039999999999997	0.23440000000000003	0.2237	0.030899999999999997	0.0	0.0516	0.009000000000000001	0.0	0.0	0.0	0.0	0.0	0.0	0.0	0.0	0.0
900	0.4819	0.2132	0.20010000000000003	0.028999999999999998	0.0	0.0632	0.0127	0.0	0.0	0.0	0.0	0.0	0.0	0.0	0.0	0.0
1000	0.5332	0.17629999999999998	0.1545	0.0241	0.0	0.08789999999999999	0.024	0.0	0.0	0.0	0.0	0.0	0.0	0.0	0.0	0.0
25	0.5397	0.1032	0.2544	0.029500000000000002	0.0378	0.026000000000000002	0.0042	0.0	0.0051	0.0	0.0	0.0	0.0	0.0	0.0	0.0
300	0.5397	0.1032	0.2544	0.029500000000000002	0.0378	0.026000000000000002	0.0042	0.0	0.0051	0.0	0.0	0.0	0.0	0.0	0.0	0.0
500	0.5397	0.1032	0.2544	0.029500000000000002	0.0378	0.026000000000000002	0.0042	0.0	0.0051	0.0	0.0	0.0	0.0	0.0	0.0	0.0
600	0.5397	0.1032	0.2544	0.029500000000000002	0.0378	0.026000000000000002	0.0042	0.0	0.0051	0.0	0.0	0.0	0.0	0.0	0.0	0.0
700	0.5397	0.1032	0.2544	0.029500000000000002	0.0378	0.026000000000000002	0.0042	0.0	0.0051	0.0	0.0	0.0	0.0	0.0	0.0	0.0
800	0.5397	0.1032	0.2544	0.029500000000000002	0.0378	0.026000000000000002	0.0042	0.0	0.0051	0.0	0.0	0.0	0.0	0.0	0.0	0.0
900	0.5625	0.0947	0.2332	0.0286	0.0375	0.0321	0.005699999999999999	0.0	0.005699999999999999	0.0	0.0	0.0	0.0	0.0	0.0	0.0
1000	0.595	0.08109999999999999	0.1975	0.0264	0.0368	0.0462	0.009899999999999999	0.0	0.006999999999999999	0.0	0.0	0.0	0.0	0.0	0.0	0.0
1100	0.6236999999999999	0.0693	0.1605	0.023	0.0349	0.0643	0.015700000000000002	0.0	0.0087	0.0	0.0	0.0	0.0	0.0	0.0	0.0
25	0.5654	0.1493	0.174	0.0	0.0794	0.0271	0.0	0.0	0.0048	0.0	0.0	0.0	0.0	0.0	0.0	0.0
300	0.5654	0.1493	0.174	0.0	0.0794	0.0271	0.0	0.0	0.0048	0.0	0.0	0.0	0.0	0.0	0.0	0.0
500	0.5654	0.1493	0.174	0.0	0.0794	0.0271	0.0	0.0	0.0048	0.0	0.0	0.0	0.0	0.0	0.0	0.0
600	0.5654	0.1493	0.174	0.0	0.0794	0.0271	0.0	0.0	0.0048	0.0	0.0	0.0	0.0	0.0	0.0	0.0
700	0.5654	0.1493	0.174	0.0	0.0794	0.0271	0.0	0.0	0.0048	0.0	0.0	0.0	0.0	0.0	0.0	0.0
800	0.5654	0.1493	0.174	0.0	0.0794	0.0271	0.0	0.0	0.0048	0.0	0.0	0.0	0.0	0.0	0.0	0.0
900	0.5848	0.1375	0.16010000000000002	0.0	0.0787	0.0334	0.0	0.0	0.0054	0.0	0.0	0.0	0.0	0.0	0.0	0.0
25	0.7375	0.0	0.1834	0.0	0.0355	0.038	0.0	0.0	0.005600000000000001	0.0	0.0	0.0	0.0	0.0	0.0	0.0
300	0.7375	0.0	0.1834	0.0	0.0355	0.038	0.0	0.0	0.005600000000000001	0.0	0.0	0.0	0.0	0.0	0.0	0.0
500	0.7375	0.0	0.1834	0.0	0.0355	0.038	0.0	0.0	0.005600000000000001	0.0	0.0	0.0	0.0	0.0	0.0	0.0
600	0.7375	0.0	0.1834	0.0	0.0355	0.038	0.0	0.0	0.005600000000000001	0.0	0.0	0.0	0.0	0.0	0.0	0.0
700	0.7375	0.0	0.1834	0.0	0.0355	0.038	0.0	0.0	0.005600000000000001	0.0	0.0	0.0	0.0	0.0	0.0	0.0
800	0.7375	0.0	0.1834	0.0	0.0355	0.038	0.0	0.0	0.005600000000000001	0.0	0.0	0.0	0.0	0.0	0.0	0.0
900	0.6859000000000001	0.0	0.22460000000000002	0.0	0.0462	0.0321	0.0	0.0	0.011200000000000002	0.0	0.0	0.0	0.0	0.0	0.0	0.0
1000	0.7003	0.0	0.1953	0.0	0.044500000000000005	0.0462	0.0	0.0	0.0137	0.0	0.0	0.0	0.0	0.0	0.0	0.0
1100	0.708	0.0	0.1707	0.0	0.0425	0.0623	0.0	0.0	0.016399999999999998	0.0	0.0	0.0	0.0	0.0	0.0	0.0
25	0.7434000000000001	0.0	0.1573	0.0	0.065	0.0264	0.0	0.0	0.0079	0.0	0.0	0.0	0.0	0.0	0.0	0.0
500	0.7434000000000001	0.0	0.1573	0.0	0.065	0.0264	0.0	0.0	0.0079	0.0	0.0	0.0	0.0	0.0	0.0	0.0
600	0.7434000000000001	0.0	0.1573	0.0	0.065	0.0264	0.0	0.0	0.0079	0.0	0.0	0.0	0.0	0.0	0.0	0.0
700	0.7434000000000001	0.0	0.1573	0.0	0.065	0.0264	0.0	0.0	0.0079	0.0	0.0	0.0	0.0	0.0	0.0	0.0
800	0.7434000000000001	0.0	0.1573	0.0	0.065	0.0264	0.0	0.0	0.0079	0.0	0.0	0.0	0.0	0.0	0.0	0.0
900	0.7464	0.0	0.1482	0.0	0.0641	0.0325	0.0	0.0	0.0088	0.0	0.0	0.0	0.0	0.0	0.0	0.0
1000	0.7515999999999999	0.0	0.1288	0.0	0.061399999999999996	0.0473	0.0	0.0	0.0109	0.0	0.0	0.0	0.0	0.0	0.0	0.0
1100	0.7524	0.0	0.1114	0.0	0.0582	0.0646	0.0	0.0	0.013300000000000001	0.0	0.0	0.0	0.0	0.0	0.0	0.0
25	0.7195999999999999	0.0	0.1873	0.0	0.058499999999999996	0.024	0.0	0.0	0.0106	0.0	0.0	0.0	0.0	0.0	0.0	0.0
300	0.7195999999999999	0.0	0.1873	0.0	0.058499999999999996	0.024	0.0	0.0	0.0106	0.0	0.0	0.0	0.0	0.0	0.0	0.0
600	0.7195999999999999	0.0	0.1873	0.0	0.058499999999999996	0.024	0.0	0.0	0.0106	0.0	0.0	0.0	0.0	0.0	0.0	0.0
700	0.7195999999999999	0.0	0.1873	0.0	0.058499999999999996	0.024	0.0	0.0	0.0106	0.0	0.0	0.0	0.0	0.0	0.0	0.0
800	0.7195999999999999	0.0	0.1873	0.0	0.058499999999999996	0.024	0.0	0.0	0.0106	0.0	0.0	0.0	0.0	0.0	0.0	0.0
900	0.7265999999999999	0.0	0.1745	0.0	0.0575	0.0296	0.0	0.0	0.0118	0.0	0.0	0.0	0.0	0.0	0.0	0.0
1000	0.7342	0.0	0.1534	0.0	0.0555	0.0425	0.0	0.0	0.0143	0.0	0.0	0.0	0.0	0.0	0.0	0.0
1100	0.7391	0.0	0.1329	0.0	0.0528	0.057999999999999996	0.0	0.0	0.0172	0.0	0.0	0.0	0.0	0.0	0.0	0.0
25	0.7408	0.0	0.1766	0.0	0.046799999999999994	0.023	0.0	0.0	0.0128	0.0	0.0	0.0	0.0	0.0	0.0	0.0
300	0.7408	0.0	0.1766	0.0	0.046799999999999994	0.023	0.0	0.0	0.0128	0.0	0.0	0.0	0.0	0.0	0.0	0.0
500	0.7408	0.0	0.1766	0.0	0.046799999999999994	0.023	0.0	0.0	0.0128	0.0	0.0	0.0	0.0	0.0	0.0	0.0
600	0.7408	0.0	0.1766	0.0	0.046799999999999994	0.023	0.0	0.0	0.0128	0.0	0.0	0.0	0.0	0.0	0.0	0.0
700	0.7408	0.0	0.1766	0.0	0.046799999999999994	0.023	0.0	0.0	0.0128	0.0	0.0	0.0	0.0	0.0	0.0	0.0
800	0.7408	0.0	0.1766	0.0	0.046799999999999994	0.023	0.0	0.0	0.0128	0.0	0.0	0.0	0.0	0.0	0.0	0.0
900	0.7502	0.0	0.1478	0.0	0.044199999999999996	0.0405	0.0	0.0	0.0172	0.0	0.0	0.0	0.0	0.0	0.0	0.0
1000	0.7502	0.0	0.1478	0.0	0.044199999999999996	0.0405	0.0	0.0	0.0172	0.0	0.0	0.0	0.0	0.0	0.0	0.0
1100	0.7529	0.0	0.1295	0.0	0.0418	0.055099999999999996	0.0	0.0	0.0207	0.0	0.0	0.0	0.0	0.0	0.0	0.0
25	0.5619	0.16219999999999998	0.1597	0.0263	0.0556	0.0269	0.0	0.0	0.0075	0.0	0.0	0.0	0.0	0.0	0.0	0.0
300	0.5619	0.16219999999999998	0.1597	0.0263	0.0556	0.0269	0.0	0.0	0.0075	0.0	0.0	0.0	0.0	0.0	0.0	0.0
500	0.5619	0.16219999999999998	0.1597	0.0263	0.0556	0.0269	0.0	0.0	0.0075	0.0	0.0	0.0	0.0	0.0	0.0	0.0
600	0.5619	0.16219999999999998	0.1597	0.0263	0.0556	0.0269	0.0	0.0	0.0075	0.0	0.0	0.0	0.0	0.0	0.0	0.0
700	0.5619	0.16219999999999998	0.1597	0.0263	0.0556	0.0269	0.0	0.0	0.0075	0.0	0.0	0.0	0.0	0.0	0.0	0.0
800	0.5619	0.16219999999999998	0.1597	0.0263	0.0556	0.0269	0.0	0.0	0.0075	0.0	0.0	0.0	0.0	0.0	0.0	0.0
900	0.5807	0.1497	0.1474	0.0255	0.055099999999999996	0.0331	0.0	0.0	0.0084	0.0	0.0	0.0	0.0	0.0	0.0	0.0
1000	0.6092	0.1293	0.1257	0.023700000000000002	0.053899999999999997	0.0479	0.0	0.0	0.0103	0.0	0.0	0.0	0.0	0.0	0.0	0.0
1100	0.6294	0.1131	0.106	0.0213	0.0519	0.0658	0.0	0.0	0.0126	0.0	0.0	0.0	0.0	0.0	0.0	0.0
25	0.5858	0.14730000000000001	0.15869999999999998	0.0	0.047400000000000005	0.032799999999999996	0.0	0.0	0.0074	0.0	0.0206	0.0	0.0	0.0	0.0	0.0
300	0.5858	0.14730000000000001	0.15869999999999998	0.0	0.047400000000000005	0.032799999999999996	0.0	0.0	0.0074	0.0	0.0206	0.0	0.0	0.0	0.0	0.0
500	0.5858	0.14730000000000001	0.15869999999999998	0.0	0.047400000000000005	0.032799999999999996	0.0	0.0	0.0074	0.0	0.0206	0.0	0.0	0.0	0.0	0.0
600	0.5858	0.14730000000000001	0.15869999999999998	0.0	0.047400000000000005	0.032799999999999996	0.0	0.0	0.0074	0.0	0.0206	0.0	0.0	0.0	0.0	0.0
700	0.5858	0.14730000000000001	0.15869999999999998	0.0	0.047400000000000005	0.032799999999999996	0.0	0.0	0.0074	0.0	0.0206	0.0	0.0	0.0	0.0	0.0
800	0.5858	0.14730000000000001	0.15869999999999998	0.0	0.047400000000000005	0.032799999999999996	0.0	0.0	0.0074	0.0	0.0206	0.0	0.0	0.0	0.0	0.0
900	0.5995	0.1371	0.1481	0.0	0.0471	0.0401	0.0	0.0	0.0083	0.0	0.0197	0.0	0.0	0.0	0.0	0.0
1000	0.6259	0.1182	0.1247	0.0	0.045700000000000005	0.057999999999999996	0.0	0.0	0.0103	0.0	0.0172	0.0	0.0	0.0	0.0	0.0
1100	0.6423000000000001	0.1036	0.1042	0.0	0.0435	0.0789	0.0	0.0	0.0129	0.0	0.014499999999999999	0.0	0.0	0.0	0.0	0.0
25	0.6305	0.0	0.26530000000000004	0.0653	0.0	0.0296	0.004699999999999999	0.0039000000000000003	0.0008	0.0	0.0	0.0	0.0	0.0	0.0	0.0
300	0.6305	0.0	0.26530000000000004	0.0653	0.0	0.0296	0.004699999999999999	0.0039000000000000003	0.0008	0.0	0.0	0.0	0.0	0.0	0.0	0.0
500	0.6305	0.0	0.26530000000000004	0.0653	0.0	0.0296	0.004699999999999999	0.0039000000000000003	0.0008	0.0	0.0	0.0	0.0	0.0	0.0	0.0
600	0.6305	0.0	0.26530000000000004	0.0653	0.0	0.0296	0.004699999999999999	0.0039000000000000003	0.0008	0.0	0.0	0.0	0.0	0.0	0.0	0.0
700	0.6305	0.0	0.26530000000000004	0.0653	0.0	0.0296	0.004699999999999999	0.0039000000000000003	0.0008	0.0	0.0	0.0	0.0	0.0	0.0	0.0
800	0.6305	0.0	0.26530000000000004	0.0653	0.0	0.0296	0.004699999999999999	0.0039000000000000003	0.0008	0.0	0.0	0.0	0.0	0.0	0.0	0.0
900	0.6397999999999999	0.0	0.24850000000000003	0.0635	0.0	0.0361	0.0064	0.004699999999999999	0.0009	0.0	0.0	0.0	0.0	0.0	0.0	0.0
1000	0.6622	0.0	0.20920000000000002	0.057300000000000004	0.0	0.0524	0.0111	0.0067	0.0011	0.0	0.0	0.0	0.0	0.0	0.0	0.0
25	0.6951	0.0	0.1863	0.0762	0.0	0.0355	0.002	0.0049	0.0	0.0	0.0	0.0	0.0	0.0	0.0	0.0
300	0.6951	0.0	0.1863	0.0762	0.0	0.0355	0.002	0.0049	0.0	0.0	0.0	0.0	0.0	0.0	0.0	0.0
500	0.6951	0.0	0.1863	0.0762	0.0	0.0355	0.002	0.0049	0.0	0.0	0.0	0.0	0.0	0.0	0.0	0.0
700	0.6951	0.0	0.1863	0.0762	0.0	0.0355	0.002	0.0049	0.0	0.0	0.0	0.0	0.0	0.0	0.0	0.0
800	0.6951	0.0	0.1863	0.0762	0.0	0.0355	0.002	0.0049	0.0	0.0	0.0	0.0	0.0	0.0	0.0	0.0
900	0.6998000000000001	0.0	0.174	0.0741	0.0	0.0435	0.0027	0.0059	0.0	0.0	0.0	0.0	0.0	0.0	0.0	0.0
1000	0.7132	0.0	0.14400000000000002	0.066	0.0	0.0635	0.0048	0.0085	0.0	0.0	0.0	0.0	0.0	0.0	0.0	0.0
1100	0.7226	0.0	0.1144	0.0547	0.0	0.0891	0.0077	0.0115	0.0	0.0	0.0	0.0	0.0	0.0	0.0	0.0
25	0.6804000000000001	0.0	0.184	0.0953	0.0	0.0329	0.0	0.0	0.0074	0.0	0.0	0.0	0.0	0.0	0.0	0.0
300	0.6804000000000001	0.0	0.184	0.0953	0.0	0.0329	0.0	0.0	0.0074	0.0	0.0	0.0	0.0	0.0	0.0	0.0
500	0.6804000000000001	0.0	0.184	0.0953	0.0	0.0329	0.0	0.0	0.0074	0.0	0.0	0.0	0.0	0.0	0.0	0.0
600	0.6804000000000001	0.0	0.184	0.0953	0.0	0.0329	0.0	0.0	0.0074	0.0	0.0	0.0	0.0	0.0	0.0	0.0
700	0.6804000000000001	0.0	0.184	0.0953	0.0	0.0329	0.0	0.0	0.0074	0.0	0.0	0.0	0.0	0.0	0.0	0.0
800	0.6804000000000001	0.0	0.184	0.0953	0.0	0.0329	0.0	0.0	0.0074	0.0	0.0	0.0	0.0	0.0	0.0	0.0
900	0.6887000000000001	0.0	0.17010000000000003	0.0925	0.0	0.0405	0.0	0.0	0.008199999999999999	0.0	0.0	0.0	0.0	0.0	0.0	0.0
1000	0.7025	0.0	0.1439	0.0849	0.0	0.058499999999999996	0.0	0.0	0.0102	0.0	0.0	0.0	0.0	0.0	0.0	0.0
1100	0.7121999999999999	0.0	0.1202	0.0747	0.0	0.0802	0.0	0.0	0.0127	0.0	0.0	0.0	0.0	0.0	0.0	0.0
25	0.7143	0.0	0.1335	0.1085	0.0	0.0384	0.0	0.0	0.0051	0.0002	0.0	0.0	0.0	0.0	0.0	0.0
300	0.7143	0.0	0.1335	0.1085	0.0	0.0384	0.0	0.0	0.0051	0.0002	0.0	0.0	0.0	0.0	0.0	0.0
500	0.7143	0.0	0.1335	0.1085	0.0	0.0384	0.0	0.0	0.0051	0.0002	0.0	0.0	0.0	0.0	0.0	0.0
600	0.7143	0.0	0.1335	0.1085	0.0	0.0384	0.0	0.0	0.0051	0.0002	0.0	0.0	0.0	0.0	0.0	0.0
700	0.7143	0.0	0.1335	0.1085	0.0	0.0384	0.0	0.0	0.0051	0.0002	0.0	0.0	0.0	0.0	0.0	0.0
800	0.7143	0.0	0.1335	0.1085	0.0	0.0384	0.0	0.0	0.0051	0.0002	0.0	0.0	0.0	0.0	0.0	0.0
900	0.7208	0.0	0.1217	0.1039	0.0	0.04769999999999999	0.0	0.0	0.0058	0.0002	0.0	0.0	0.0	0.0	0.0	0.0
1000	0.7304999999999999	0.0	0.0998	0.09210000000000002	0.0	0.0699	0.0	0.0	0.0074	0.0003	0.0	0.0	0.0	0.0	0.0	0.0
1100	0.7342	0.0	0.0815	0.0782	0.0	0.096	0.0	0.0	0.0097	0.0004	0.0	0.0	0.0	0.0	0.0	0.0
25	0.5882999999999999	0.1243	0.147	0.0955	0.0	0.0374	0.0	0.0	0.0075	0.0	0.0	0.0	0.0	0.0	0.0	0.0
300	0.5882999999999999	0.1243	0.147	0.0955	0.0	0.0374	0.0	0.0	0.0075	0.0	0.0	0.0	0.0	0.0	0.0	0.0
500	0.5882999999999999	0.1243	0.147	0.0955	0.0	0.0374	0.0	0.0	0.0075	0.0	0.0	0.0	0.0	0.0	0.0	0.0
600	0.5882999999999999	0.1243	0.147	0.0955	0.0	0.0374	0.0	0.0	0.0075	0.0	0.0	0.0	0.0	0.0	0.0	0.0
700	0.5882999999999999	0.1243	0.147	0.0955	0.0	0.0374	0.0	0.0	0.0075	0.0	0.0	0.0	0.0	0.0	0.0	0.0
800	0.5882999999999999	0.1243	0.147	0.0955	0.0	0.0374	0.0	0.0	0.0075	0.0	0.0	0.0	0.0	0.0	0.0	0.0
900	0.6024	0.115	0.1359	0.0926	0.0	0.0458	0.0	0.0	0.0083	0.0	0.0	0.0	0.0	0.0	0.0	0.0
1000	0.6313	0.0971	0.1118	0.0828	0.0	0.0665	0.0	0.0	0.0105	0.0	0.0	0.0	0.0	0.0	0.0	0.0
25	1.0	0.0	0.0	0.0	0.0	0.0	0.0	0.0	0.0	0.0	0.0	0.0	0.0	0.0	0.0	0.0
25	0.902	0.0	0.098	0.0	0.0	0.0	0.0	0.0	0.0	0.0	0.0	0.0	0.0	0.0	0.0	0.0
25	0.9	0.0	0.049	0.0	0.0	0.051	0.0	0.0	0.0	0.0	0.0	0.0	0.0	0.0	0.0	0.0
25	0.848	0.0	0.152	0.0	0.0	0.0	0.0	0.0	0.0	0.0	0.0	0.0	0.0	0.0	0.0	0.0
25	0.851	0.0	0.122	0.0	0.0	0.027000000000000003	0.0	0.0	0.0	0.0	0.0	0.0	0.0	0.0	0.0	0.0
25	0.8490000000000001	0.0	0.099	0.0	0.0	0.052000000000000005	0.0	0.0	0.0	0.0	0.0	0.0	0.0	0.0	0.0	0.0
25	0.828	0.0	0.096	0.0	0.0	0.076	0.0	0.0	0.0	0.0	0.0	0.0	0.0	0.0	0.0	0.0
25	0.802	0.0	0.198	0.0	0.0	0.0	0.0	0.0	0.0	0.0	0.0	0.0	0.0	0.0	0.0	0.0
25	0.799	0.0	0.14800000000000002	0.0	0.0	0.053	0.0	0.0	0.0	0.0	0.0	0.0	0.0	0.0	0.0	0.0
25	0.7509999999999999	0.0	0.249	0.0	0.0	0.0	0.0	0.0	0.0	0.0	0.0	0.0	0.0	0.0	0.0	0.0
25	0.746	0.0	0.22399999999999998	0.0	0.0	0.03	0.0	0.0	0.0	0.0	0.0	0.0	0.0	0.0	0.0	0.0
25	0.7490000000000001	0.0	0.198	0.0	0.0	0.053	0.0	0.0	0.0	0.0	0.0	0.0	0.0	0.0	0.0	0.0
25	0.7020000000000001	0.0	0.298	0.0	0.0	0.0	0.0	0.0	0.0	0.0	0.0	0.0	0.0	0.0	0.0	0.0
25	0.6990000000000001	0.0	0.27399999999999997	0.0	0.0	0.027000000000000003	0.0	0.0	0.0	0.0	0.0	0.0	0.0	0.0	0.0	0.0
25	0.6990000000000001	0.0	0.247	0.0	0.0	0.054000000000000006	0.0	0.0	0.0	0.0	0.0	0.0	0.0	0.0	0.0	0.0
25	0.652	0.0	0.348	0.0	0.0	0.0	0.0	0.0	0.0	0.0	0.0	0.0	0.0	0.0	0.0	0.0
25	0.647	0.0	0.325	0.0	0.0	0.027999999999999997	0.0	0.0	0.0	0.0	0.0	0.0	0.0	0.0	0.0	0.0
25	0.649	0.0	0.293	0.0	0.0	0.057999999999999996	0.0	0.0	0.0	0.0	0.0	0.0	0.0	0.0	0.0	0.0
25	0.8	0.0	0.0	0.0	0.0	0.05	0.0	0.0	0.0	0.0	0.0	0.0	0.15	0.0	0.0	0.0
25	0.75	0.0	0.0	0.0	0.0	0.025	0.0	0.0	0.0	0.0	0.0	0.0	0.225	0.0	0.0	0.0
25	0.6	0.0	0.0	0.0	0.0	0.05	0.0	0.0	0.0	0.0	0.0	0.0	0.35	0.0	0.0	0.0
25	0.951	0.0	0.0	0.0	0.0	0.049	0.0	0.0	0.0	0.0	0.0	0.0	0.0	0.0	0.0	0.0
25	0.925	0.0	0.0	0.0	0.0	0.075	0.0	0.0	0.0	0.0	0.0	0.0	0.0	0.0	0.0	0.0
25	0.889	0.0	0.0	0.0	0.0	0.111	0.0	0.0	0.0	0.0	0.0	0.0	0.0	0.0	0.0	0.0
25	0.879	0.0	0.0	0.0	0.0	0.121	0.0	0.0	0.0	0.0	0.0	0.0	0.0	0.0	0.0	0.0
25	0.8759999999999999	0.0	0.0	0.0	0.0	0.124	0.0	0.0	0.0	0.0	0.0	0.0	0.0	0.0	0.0	0.0
25	0.86	0.0	0.0	0.0	0.0	0.14	0.0	0.0	0.0	0.0	0.0	0.0	0.0	0.0	0.0	0.0
25	0.846	0.0	0.0	0.0	0.0	0.154	0.0	0.0	0.0	0.0	0.0	0.0	0.0	0.0	0.0	0.0
20	0.941	0.0	0.0	0.0	0.0	0.059000000000000004	0.0	0.0	0.0	0.0	0.0	0.0	0.0	0.0	0.0	0.0
200	0.941	0.0	0.0	0.0	0.0	0.059000000000000004	0.0	0.0	0.0	0.0	0.0	0.0	0.0	0.0	0.0	0.0
350	0.941	0.0	0.0	0.0	0.0	0.059000000000000004	0.0	0.0	0.0	0.0	0.0	0.0	0.0	0.0	0.0	0.0
500	0.941	0.0	0.0	0.0	0.0	0.059000000000000004	0.0	0.0	0.0	0.0	0.0	0.0	0.0	0.0	0.0	0.0
20	0.8759999999999999	0.0	0.0	0.0	0.0	0.124	0.0	0.0	0.0	0.0	0.0	0.0	0.0	0.0	0.0	0.0
200	0.8759999999999999	0.0	0.0	0.0	0.0	0.124	0.0	0.0	0.0	0.0	0.0	0.0	0.0	0.0	0.0	0.0
350	0.8759999999999999	0.0	0.0	0.0	0.0	0.124	0.0	0.0	0.0	0.0	0.0	0.0	0.0	0.0	0.0	0.0
500	0.8759999999999999	0.0	0.0	0.0	0.0	0.124	0.0	0.0	0.0	0.0	0.0	0.0	0.0	0.0	0.0	0.0
25	0.823	0.0	0.0	0.0	0.0	0.0	0.0	0.0	0.0	0.0	0.0	0.0	0.0	0.0	0.145	0.032
25	0.825	0.0	0.0	0.0	0.0	0.0	0.0	0.0	0.0	0.0	0.0	0.0	0.0	0.0	0.145	0.03
25	0.833	0.0	0.0	0.0	0.0	0.0	0.0	0.0	0.0	0.0	0.0	0.0	0.0	0.0	0.147	0.02
25	0.836	0.0	0.0	0.0	0.0	0.0	0.0	0.0	0.0	0.0	0.0	0.0	0.0	0.0	0.14800000000000002	0.016
25	0.841	0.0	0.0	0.0	0.0	0.0	0.0	0.0	0.0	0.0	0.0	0.0	0.0	0.0	0.149	0.01
25	0.847	0.0	0.0	0.0	0.0	0.0	0.0	0.0	0.0	0.0	0.0	0.0	0.0	0.0	0.15	0.003
25	0.9520000000000001	0.0	0.0	0.0	0.0	0.0	0.0	0.0	0.0	0.0	0.0	0.0	0.0	0.0	0.024	0.024
25	0.973	0.0	0.0	0.0	0.0	0.0	0.0	0.0	0.0	0.0	0.0	0.0	0.0	0.0	0.012	0.015
25	0.99	0.0	0.0	0.0	0.0	0.0	0.0	0.0	0.0	0.0	0.0	0.0	0.0	0.0	0.005	0.005
25	0.993	0.0	0.0	0.0	0.0	0.0	0.0	0.0	0.0	0.0	0.0	0.0	0.0	0.0	0.0	0.006999999999999999
25	0.9887999999999999	0.0	0.0	0.0	0.0	0.0	0.0	0.0	0.0	0.0	0.0	0.0	0.0	0.0	0.0	0.011200000000000002
25	0.9828	0.0	0.0	0.0	0.0	0.0	0.0	0.0	0.0	0.0	0.0	0.0	0.0	0.0	0.0	0.0172
25	0.968	0.0	0.0	0.0	0.0	0.0	0.0	0.0	0.0	0.0	0.0	0.0	0.0	0.0	0.0	0.032
25	0.9520000000000001	0.0	0.0	0.0	0.0	0.0	0.0	0.0	0.0	0.0	0.0	0.0	0.0	0.0	0.0	0.048
25	0.9329999999999999	0.0	0.0	0.0	0.0	0.0	0.0	0.0	0.0	0.0	0.0	0.0	0.0	0.0	0.0	0.067
25	0.9995999999999999	0.0004	0.0	0.0	0.0	0.0	0.0	0.0	0.0	0.0	0.0	0.0	0.0	0.0	0.0	0.0
25	0.902	0.098	0.0	0.0	0.0	0.0	0.0	0.0	0.0	0.0	0.0	0.0	0.0	0.0	0.0	0.0
25	0.805	0.195	0.0	0.0	0.0	0.0	0.0	0.0	0.0	0.0	0.0	0.0	0.0	0.0	0.0	0.0
25	0.752	0.248	0.0	0.0	0.0	0.0	0.0	0.0	0.0	0.0	0.0	0.0	0.0	0.0	0.0	0.0
25	0.7440000000000001	0.256	0.0	0.0	0.0	0.0	0.0	0.0	0.0	0.0	0.0	0.0	0.0	0.0	0.0	0.0
25	0.71	0.29	0.0	0.0	0.0	0.0	0.0	0.0	0.0	0.0	0.0	0.0	0.0	0.0	0.0	0.0
25	0.624	0.376	0.0	0.0	0.0	0.0	0.0	0.0	0.0	0.0	0.0	0.0	0.0	0.0	0.0	0.0
25	0.507	0.493	0.0	0.0	0.0	0.0	0.0	0.0	0.0	0.0	0.0	0.0	0.0	0.0	0.0	0.0
25	0.493	0.507	0.0	0.0	0.0	0.0	0.0	0.0	0.0	0.0	0.0	0.0	0.0	0.0	0.0	0.0
25	0.41100000000000003	0.589	0.0	0.0	0.0	0.0	0.0	0.0	0.0	0.0	0.0	0.0	0.0	0.0	0.0	0.0
25	0.311	0.6890000000000001	0.0	0.0	0.0	0.0	0.0	0.0	0.0	0.0	0.0	0.0	0.0	0.0	0.0	0.0
20	0.8959999999999999	0.10400000000000001	0.0	0.0	0.0	0.0	0.0	0.0	0.0	0.0	0.0	0.0	0.0	0.0	0.0	0.0
200	0.8959999999999999	0.10400000000000001	0.0	0.0	0.0	0.0	0.0	0.0	0.0	0.0	0.0	0.0	0.0	0.0	0.0	0.0
350	0.8959999999999999	0.10400000000000001	0.0	0.0	0.0	0.0	0.0	0.0	0.0	0.0	0.0	0.0	0.0	0.0	0.0	0.0
500	0.8959999999999999	0.10400000000000001	0.0	0.0	0.0	0.0	0.0	0.0	0.0	0.0	0.0	0.0	0.0	0.0	0.0	0.0
25	0.7349	0.0	0.0	0.2651	0.0	0.0	0.0	0.0	0.0	0.0	0.0	0.0	0.0	0.0	0.0	0.0
25	0.7038	0.0	0.0643	0.23190000000000002	0.0	0.0	0.0	0.0	0.0	0.0	0.0	0.0	0.0	0.0	0.0	0.0
25	0.5932999999999999	0.0	0.2978	0.109	0.0	0.0	0.0	0.0	0.0	0.0	0.0	0.0	0.0	0.0	0.0	0.0
25	1.0	0.0	0.0	0.0	0.0	0.0	0.0	0.0	0.0	0.0	0.0	0.0	0.0	0.0	0.0	0.0
25	0.902	0.0	0.098	0.0	0.0	0.0	0.0	0.0	0.0	0.0	0.0	0.0	0.0	0.0	0.0	0.0
25	0.848	0.0	0.152	0.0	0.0	0.0	0.0	0.0	0.0	0.0	0.0	0.0	0.0	0.0	0.0	0.0
25	0.802	0.0	0.198	0.0	0.0	0.0	0.0	0.0	0.0	0.0	0.0	0.0	0.0	0.0	0.0	0.0
25	0.9658	0.0	0.0342	0.0	0.0	0.0	0.0	0.0	0.0	0.0	0.0	0.0	0.0	0.0	0.0	0.0
25	0.9489	0.0	0.051100000000000007	0.0	0.0	0.0	0.0	0.0	0.0	0.0	0.0	0.0	0.0	0.0	0.0	0.0
25	0.9137000000000001	0.0	0.0863	0.0	0.0	0.0	0.0	0.0	0.0	0.0	0.0	0.0	0.0	0.0	0.0	0.0
25	0.9005	0.0	0.09949999999999999	0.0	0.0	0.0	0.0	0.0	0.0	0.0	0.0	0.0	0.0	0.0	0.0	0.0
25	0.8771	0.0	0.1229	0.0	0.0	0.0	0.0	0.0	0.0	0.0	0.0	0.0	0.0	0.0	0.0	0.0
25	0.8103	0.0	0.18969999999999998	0.0	0.0	0.0	0.0	0.0	0.0	0.0	0.0	0.0	0.0	0.0	0.0	0.0
20	1.0	0.0	0.0	0.0	0.0	0.0	0.0	0.0	0.0	0.0	0.0	0.0	0.0	0.0	0.0	0.0
200	1.0	0.0	0.0	0.0	0.0	0.0	0.0	0.0	0.0	0.0	0.0	0.0	0.0	0.0	0.0	0.0
350	1.0	0.0	0.0	0.0	0.0	0.0	0.0	0.0	0.0	0.0	0.0	0.0	0.0	0.0	0.0	0.0
500	1.0	0.0	0.0	0.0	0.0	0.0	0.0	0.0	0.0	0.0	0.0	0.0	0.0	0.0	0.0	0.0
20	0.895	0.0	0.105	0.0	0.0	0.0	0.0	0.0	0.0	0.0	0.0	0.0	0.0	0.0	0.0	0.0
200	0.895	0.0	0.105	0.0	0.0	0.0	0.0	0.0	0.0	0.0	0.0	0.0	0.0	0.0	0.0	0.0
350	0.895	0.0	0.105	0.0	0.0	0.0	0.0	0.0	0.0	0.0	0.0	0.0	0.0	0.0	0.0	0.0
500	0.895	0.0	0.105	0.0	0.0	0.0	0.0	0.0	0.0	0.0	0.0	0.0	0.0	0.0	0.0	0.0
25	0.7764	0.0	0.0	0.0	0.0	0.0	0.0	0.0	0.0	0.0	0.0	0.0	0.1118	0.0	0.1118	0.0
18	0.6759000000000001	0.0	0.0	0.0	0.0	0.0	0.0	0.0	0.0	0.0	0.0	0.0	0.0	0.0	0.32409999999999994	0.0
18	0.764	0.0	0.0	0.0	0.0	0.0	0.0	0.0	0.0	0.0	0.0	0.0	0.0	0.0	0.23600000000000002	0.0
18	0.8887999999999999	0.0	0.0	0.0	0.0	0.0	0.0	0.0	0.0	0.0	0.0	0.0	0.0	0.0	0.1112	0.0
18	1.0	0.0	0.0	0.0	0.0	0.0	0.0	0.0	0.0	0.0	0.0	0.0	0.0	0.0	0.0	0.0
25	0.6743000000000001	0.0	0.0	0.2064	0.0	0.0	0.0	0.0	0.0	0.0	0.0	0.0	0.1193	0.0	0.0	0.0
25	1.0	0.0	0.0	0.0	0.0	0.0	0.0	0.0	0.0	0.0	0.0	0.0	0.0	0.0	0.0	0.0
25	0.9790000000000001	0.0	0.0	0.0	0.0	0.0	0.0	0.0	0.0	0.0	0.0	0.0	0.021	0.0	0.0	0.0
25	0.963	0.0	0.0	0.0	0.0	0.0	0.0	0.0	0.0	0.0	0.0	0.0	0.037000000000000005	0.0	0.0	0.0
25	0.948	0.0	0.0	0.0	0.0	0.0	0.0	0.0	0.0	0.0	0.0	0.0	0.052000000000000005	0.0	0.0	0.0
25	0.925	0.0	0.0	0.0	0.0	0.0	0.0	0.0	0.0	0.0	0.0	0.0	0.075	0.0	0.0	0.0
25	0.905	0.0	0.0	0.0	0.0	0.0	0.0	0.0	0.0	0.0	0.0	0.0	0.095	0.0	0.0	0.0
25	0.8959999999999999	0.0	0.0	0.0	0.0	0.0	0.0	0.0	0.0	0.0	0.0	0.0	0.10400000000000001	0.0	0.0	0.0
25	0.867	0.0	0.0	0.0	0.0	0.0	0.0	0.0	0.0	0.0	0.0	0.0	0.133	0.0	0.0	0.0
25	0.8440000000000001	0.0	0.0	0.0	0.0	0.0	0.0	0.0	0.0	0.0	0.0	0.0	0.156	0.0	0.0	0.0
25	0.828	0.0	0.0	0.0	0.0	0.0	0.0	0.0	0.0	0.0	0.0	0.0	0.172	0.0	0.0	0.0
25	0.813	0.0	0.0	0.0	0.0	0.0	0.0	0.0	0.0	0.0	0.0	0.0	0.187	0.0	0.0	0.0
25	0.802	0.0	0.0	0.0	0.0	0.0	0.0	0.0	0.0	0.0	0.0	0.0	0.198	0.0	0.0	0.0
15	1.0	0.0	0.0	0.0	0.0	0.0	0.0	0.0	0.0	0.0	0.0	0.0	0.0	0.0	0.0	0.0
100	1.0	0.0	0.0	0.0	0.0	0.0	0.0	0.0	0.0	0.0	0.0	0.0	0.0	0.0	0.0	0.0
200	1.0	0.0	0.0	0.0	0.0	0.0	0.0	0.0	0.0	0.0	0.0	0.0	0.0	0.0	0.0	0.0
300	1.0	0.0	0.0	0.0	0.0	0.0	0.0	0.0	0.0	0.0	0.0	0.0	0.0	0.0	0.0	0.0
400	1.0	0.0	0.0	0.0	0.0	0.0	0.0	0.0	0.0	0.0	0.0	0.0	0.0	0.0	0.0	0.0
500	1.0	0.0	0.0	0.0	0.0	0.0	0.0	0.0	0.0	0.0	0.0	0.0	0.0	0.0	0.0	0.0
600	1.0	0.0	0.0	0.0	0.0	0.0	0.0	0.0	0.0	0.0	0.0	0.0	0.0	0.0	0.0	0.0
15	0.966	0.0	0.0	0.0	0.0	0.0	0.0	0.0	0.0	0.0	0.0	0.0	0.034	0.0	0.0	0.0
100	0.966	0.0	0.0	0.0	0.0	0.0	0.0	0.0	0.0	0.0	0.0	0.0	0.034	0.0	0.0	0.0
200	0.966	0.0	0.0	0.0	0.0	0.0	0.0	0.0	0.0	0.0	0.0	0.0	0.034	0.0	0.0	0.0
300	0.966	0.0	0.0	0.0	0.0	0.0	0.0	0.0	0.0	0.0	0.0	0.0	0.034	0.0	0.0	0.0
400	0.966	0.0	0.0	0.0	0.0	0.0	0.0	0.0	0.0	0.0	0.0	0.0	0.034	0.0	0.0	0.0
500	0.966	0.0	0.0	0.0	0.0	0.0	0.0	0.0	0.0	0.0	0.0	0.0	0.034	0.0	0.0	0.0
600	0.966	0.0	0.0	0.0	0.0	0.0	0.0	0.0	0.0	0.0	0.0	0.0	0.034	0.0	0.0	0.0
15	0.938	0.0	0.0	0.0	0.0	0.0	0.0	0.0	0.0	0.0	0.0	0.0	0.062	0.0	0.0	0.0
100	0.938	0.0	0.0	0.0	0.0	0.0	0.0	0.0	0.0	0.0	0.0	0.0	0.062	0.0	0.0	0.0
200	0.938	0.0	0.0	0.0	0.0	0.0	0.0	0.0	0.0	0.0	0.0	0.0	0.062	0.0	0.0	0.0
300	0.938	0.0	0.0	0.0	0.0	0.0	0.0	0.0	0.0	0.0	0.0	0.0	0.062	0.0	0.0	0.0
400	0.938	0.0	0.0	0.0	0.0	0.0	0.0	0.0	0.0	0.0	0.0	0.0	0.062	0.0	0.0	0.0
500	0.938	0.0	0.0	0.0	0.0	0.0	0.0	0.0	0.0	0.0	0.0	0.0	0.062	0.0	0.0	0.0
600	0.938	0.0	0.0	0.0	0.0	0.0	0.0	0.0	0.0	0.0	0.0	0.0	0.062	0.0	0.0	0.0
15	0.9079999999999999	0.0	0.0	0.0	0.0	0.0	0.0	0.0	0.0	0.0	0.0	0.0	0.092	0.0	0.0	0.0
100	0.9079999999999999	0.0	0.0	0.0	0.0	0.0	0.0	0.0	0.0	0.0	0.0	0.0	0.092	0.0	0.0	0.0
200	0.9079999999999999	0.0	0.0	0.0	0.0	0.0	0.0	0.0	0.0	0.0	0.0	0.0	0.092	0.0	0.0	0.0
300	0.9079999999999999	0.0	0.0	0.0	0.0	0.0	0.0	0.0	0.0	0.0	0.0	0.0	0.092	0.0	0.0	0.0
400	0.9079999999999999	0.0	0.0	0.0	0.0	0.0	0.0	0.0	0.0	0.0	0.0	0.0	0.092	0.0	0.0	0.0
500	0.9079999999999999	0.0	0.0	0.0	0.0	0.0	0.0	0.0	0.0	0.0	0.0	0.0	0.092	0.0	0.0	0.0
600	0.9079999999999999	0.0	0.0	0.0	0.0	0.0	0.0	0.0	0.0	0.0	0.0	0.0	0.092	0.0	0.0	0.0
15	0.8220000000000001	0.0	0.0	0.0	0.0	0.0	0.0	0.0	0.0	0.0	0.0	0.0	0.17800000000000002	0.0	0.0	0.0
100	0.8220000000000001	0.0	0.0	0.0	0.0	0.0	0.0	0.0	0.0	0.0	0.0	0.0	0.17800000000000002	0.0	0.0	0.0
200	0.8220000000000001	0.0	0.0	0.0	0.0	0.0	0.0	0.0	0.0	0.0	0.0	0.0	0.17800000000000002	0.0	0.0	0.0
300	0.8220000000000001	0.0	0.0	0.0	0.0	0.0	0.0	0.0	0.0	0.0	0.0	0.0	0.17800000000000002	0.0	0.0	0.0
400	0.8220000000000001	0.0	0.0	0.0	0.0	0.0	0.0	0.0	0.0	0.0	0.0	0.0	0.17800000000000002	0.0	0.0	0.0
500	0.8220000000000001	0.0	0.0	0.0	0.0	0.0	0.0	0.0	0.0	0.0	0.0	0.0	0.17800000000000002	0.0	0.0	0.0
600	0.8220000000000001	0.0	0.0	0.0	0.0	0.0	0.0	0.0	0.0	0.0	0.0	0.0	0.17800000000000002	0.0	0.0	0.0
15	0.728	0.0	0.0	0.0	0.0	0.0	0.0	0.0	0.0	0.0	0.0	0.0	0.272	0.0	0.0	0.0
100	0.728	0.0	0.0	0.0	0.0	0.0	0.0	0.0	0.0	0.0	0.0	0.0	0.272	0.0	0.0	0.0
200	0.728	0.0	0.0	0.0	0.0	0.0	0.0	0.0	0.0	0.0	0.0	0.0	0.272	0.0	0.0	0.0
300	0.728	0.0	0.0	0.0	0.0	0.0	0.0	0.0	0.0	0.0	0.0	0.0	0.272	0.0	0.0	0.0
400	0.728	0.0	0.0	0.0	0.0	0.0	0.0	0.0	0.0	0.0	0.0	0.0	0.272	0.0	0.0	0.0
500	0.728	0.0	0.0	0.0	0.0	0.0	0.0	0.0	0.0	0.0	0.0	0.0	0.272	0.0	0.0	0.0
600	0.728	0.0	0.0	0.0	0.0	0.0	0.0	0.0	0.0	0.0	0.0	0.0	0.272	0.0	0.0	0.0
25	0.6354	0.0	0.0	0.0	0.0	0.0	0.0	0.0	0.0	0.0	0.0	0.056299999999999996	0.30829999999999996	0.0	0.0	0.0
25	0.7369	0.0	0.0	0.0	0.0	0.0	0.0	0.0	0.0	0.0	0.0	0.056600000000000004	0.2065	0.0	0.0	0.0
25	0.8393	0.0	0.0	0.0	0.0	0.0	0.0	0.0	0.0	0.0	0.0	0.056900000000000006	0.1038	0.0	0.0	0.0
20	0.9834	0.0	0.0	0.0	0.0	0.0	0.0	0.0	0.0	0.0	0.0	0.0	0.0	0.0166	0.0	0.0
20	0.9679000000000001	0.0	0.0	0.0	0.0	0.0	0.0	0.0	0.0	0.0	0.0	0.0	0.0	0.0321	0.0	0.0
20	0.96	0.0	0.0	0.0	0.0	0.0	0.0	0.0	0.0	0.0	0.0	0.0	0.0	0.04	0.0	0.0
20	0.9388	0.0	0.0	0.0	0.0	0.0	0.0	0.0	0.0	0.0	0.0	0.0	0.0	0.061200000000000004	0.0	0.0
20	0.9384	0.0	0.0	0.0	0.0	0.0	0.0	0.0	0.0	0.0	0.0	0.0	0.0	0.0616	0.0	0.0
20	0.9204000000000001	0.0	0.0	0.0	0.0	0.0	0.0	0.0	0.0	0.0	0.0	0.0	0.0	0.0796	0.0	0.0
20	0.9068999999999999	0.0	0.0	0.0	0.0	0.0	0.0	0.0	0.0	0.0	0.0	0.0	0.0	0.0931	0.0	0.0
20	0.8872	0.0	0.0	0.0	0.0	0.0	0.0	0.0	0.0	0.0	0.0	0.0	0.0	0.1128	0.0	0.0
20	0.8835999999999999	0.0	0.0	0.0	0.0	0.0	0.0	0.0	0.0	0.0	0.0	0.0	0.0	0.1164	0.0	0.0
20	0.8547	0.0	0.0	0.0	0.0	0.0	0.0	0.0	0.0	0.0	0.0	0.0	0.0	0.14529999999999998	0.0	0.0
20	0.8428	0.0	0.0	0.0	0.0	0.0	0.0	0.0	0.0	0.0	0.0	0.0	0.0	0.1572	0.0	0.0
25	1.0	0.0	0.0	0.0	0.0	0.0	0.0	0.0	0.0	0.0	0.0	0.0	0.0	0.0	0.0	0.0
25	0.9876999999999999	0.0	0.0	0.0123	0.0	0.0	0.0	0.0	0.0	0.0	0.0	0.0	0.0	0.0	0.0	0.0
25	0.9495	0.0	0.0	0.050499999999999996	0.0	0.0	0.0	0.0	0.0	0.0	0.0	0.0	0.0	0.0	0.0	0.0
25	0.9025	0.0	0.0	0.0975	0.0	0.0	0.0	0.0	0.0	0.0	0.0	0.0	0.0	0.0	0.0	0.0
25	0.8528	0.0	0.0	0.1472	0.0	0.0	0.0	0.0	0.0	0.0	0.0	0.0	0.0	0.0	0.0	0.0
25	0.838	0.0	0.0	0.162	0.0	0.0	0.0	0.0	0.0	0.0	0.0	0.0	0.0	0.0	0.0	0.0
25	0.823	0.0	0.0	0.177	0.0	0.0	0.0	0.0	0.0	0.0	0.0	0.0	0.0	0.0	0.0	0.0
25	0.8077	0.0	0.0	0.1923	0.0	0.0	0.0	0.0	0.0	0.0	0.0	0.0	0.0	0.0	0.0	0.0
25	0.7922	0.0	0.0	0.2078	0.0	0.0	0.0	0.0	0.0	0.0	0.0	0.0	0.0	0.0	0.0	0.0
25	0.8815000000000001	0.0	0.0	0.1185	0.0	0.0	0.0	0.0	0.0	0.0	0.0	0.0	0.0	0.0	0.0	0.0
25	0.8673000000000001	0.0	0.0	0.13269999999999998	0.0	0.0	0.0	0.0	0.0	0.0	0.0	0.0	0.0	0.0	0.0	0.0
25	0.8528	0.0	0.0	0.1472	0.0	0.0	0.0	0.0	0.0	0.0	0.0	0.0	0.0	0.0	0.0	0.0
25	0.838	0.0	0.0	0.162	0.0	0.0	0.0	0.0	0.0	0.0	0.0	0.0	0.0	0.0	0.0	0.0
25	0.823	0.0	0.0	0.177	0.0	0.0	0.0	0.0	0.0	0.0	0.0	0.0	0.0	0.0	0.0	0.0
25	0.8077	0.0	0.0	0.1923	0.0	0.0	0.0	0.0	0.0	0.0	0.0	0.0	0.0	0.0	0.0	0.0
25	0.8	0.0	0.0	0.2	0.0	0.0	0.0	0.0	0.0	0.0	0.0	0.0	0.0	0.0	0.0	0.0
25	0.7922	0.0	0.0	0.2078	0.0	0.0	0.0	0.0	0.0	0.0	0.0	0.0	0.0	0.0	0.0	0.0
25	0.7764	0.0	0.0	0.2236	0.0	0.0	0.0	0.0	0.0	0.0	0.0	0.0	0.0	0.0	0.0	0.0
25	1.0	0.0	0.0	0.0	0.0	0.0	0.0	0.0	0.0	0.0	0.0	0.0	0.0	0.0	0.0	0.0
25	0.968	0.0	0.0	0.0	0.0	0.0	0.0	0.032	0.0	0.0	0.0	0.0	0.0	0.0	0.0	0.0
25	0.9209999999999999	0.0	0.0	0.0	0.0	0.0	0.0	0.079	0.0	0.0	0.0	0.0	0.0	0.0	0.0	0.0
16	1.0	0.0	0.0	0.0	0.0	0.0	0.0	0.0	0.0	0.0	0.0	0.0	0.0	0.0	0.0	0.0
98	1.0	0.0	0.0	0.0	0.0	0.0	0.0	0.0	0.0	0.0	0.0	0.0	0.0	0.0	0.0	0.0
187	1.0	0.0	0.0	0.0	0.0	0.0	0.0	0.0	0.0	0.0	0.0	0.0	0.0	0.0	0.0	0.0
257	1.0	0.0	0.0	0.0	0.0	0.0	0.0	0.0	0.0	0.0	0.0	0.0	0.0	0.0	0.0	0.0
275	1.0	0.0	0.0	0.0	0.0	0.0	0.0	0.0	0.0	0.0	0.0	0.0	0.0	0.0	0.0	0.0
301	1.0	0.0	0.0	0.0	0.0	0.0	0.0	0.0	0.0	0.0	0.0	0.0	0.0	0.0	0.0	0.0
331	1.0	0.0	0.0	0.0	0.0	0.0	0.0	0.0	0.0	0.0	0.0	0.0	0.0	0.0	0.0	0.0
333	1.0	0.0	0.0	0.0	0.0	0.0	0.0	0.0	0.0	0.0	0.0	0.0	0.0	0.0	0.0	0.0
336	1.0	0.0	0.0	0.0	0.0	0.0	0.0	0.0	0.0	0.0	0.0	0.0	0.0	0.0	0.0	0.0
338	1.0	0.0	0.0	0.0	0.0	0.0	0.0	0.0	0.0	0.0	0.0	0.0	0.0	0.0	0.0	0.0
341	1.0	0.0	0.0	0.0	0.0	0.0	0.0	0.0	0.0	0.0	0.0	0.0	0.0	0.0	0.0	0.0
342	1.0	0.0	0.0	0.0	0.0	0.0	0.0	0.0	0.0	0.0	0.0	0.0	0.0	0.0	0.0	0.0
343	1.0	0.0	0.0	0.0	0.0	0.0	0.0	0.0	0.0	0.0	0.0	0.0	0.0	0.0	0.0	0.0
345	1.0	0.0	0.0	0.0	0.0	0.0	0.0	0.0	0.0	0.0	0.0	0.0	0.0	0.0	0.0	0.0
346	1.0	0.0	0.0	0.0	0.0	0.0	0.0	0.0	0.0	0.0	0.0	0.0	0.0	0.0	0.0	0.0
348	1.0	0.0	0.0	0.0	0.0	0.0	0.0	0.0	0.0	0.0	0.0	0.0	0.0	0.0	0.0	0.0
349	1.0	0.0	0.0	0.0	0.0	0.0	0.0	0.0	0.0	0.0	0.0	0.0	0.0	0.0	0.0	0.0
352	1.0	0.0	0.0	0.0	0.0	0.0	0.0	0.0	0.0	0.0	0.0	0.0	0.0	0.0	0.0	0.0
356	1.0	0.0	0.0	0.0	0.0	0.0	0.0	0.0	0.0	0.0	0.0	0.0	0.0	0.0	0.0	0.0
359	1.0	0.0	0.0	0.0	0.0	0.0	0.0	0.0	0.0	0.0	0.0	0.0	0.0	0.0	0.0	0.0
362	1.0	0.0	0.0	0.0	0.0	0.0	0.0	0.0	0.0	0.0	0.0	0.0	0.0	0.0	0.0	0.0
363	1.0	0.0	0.0	0.0	0.0	0.0	0.0	0.0	0.0	0.0	0.0	0.0	0.0	0.0	0.0	0.0
365	1.0	0.0	0.0	0.0	0.0	0.0	0.0	0.0	0.0	0.0	0.0	0.0	0.0	0.0	0.0	0.0
370	1.0	0.0	0.0	0.0	0.0	0.0	0.0	0.0	0.0	0.0	0.0	0.0	0.0	0.0	0.0	0.0
373	1.0	0.0	0.0	0.0	0.0	0.0	0.0	0.0	0.0	0.0	0.0	0.0	0.0	0.0	0.0	0.0
374	1.0	0.0	0.0	0.0	0.0	0.0	0.0	0.0	0.0	0.0	0.0	0.0	0.0	0.0	0.0	0.0
378	1.0	0.0	0.0	0.0	0.0	0.0	0.0	0.0	0.0	0.0	0.0	0.0	0.0	0.0	0.0	0.0
388	1.0	0.0	0.0	0.0	0.0	0.0	0.0	0.0	0.0	0.0	0.0	0.0	0.0	0.0	0.0	0.0
398	1.0	0.0	0.0	0.0	0.0	0.0	0.0	0.0	0.0	0.0	0.0	0.0	0.0	0.0	0.0	0.0
405	1.0	0.0	0.0	0.0	0.0	0.0	0.0	0.0	0.0	0.0	0.0	0.0	0.0	0.0	0.0	0.0
410	1.0	0.0	0.0	0.0	0.0	0.0	0.0	0.0	0.0	0.0	0.0	0.0	0.0	0.0	0.0	0.0
411	1.0	0.0	0.0	0.0	0.0	0.0	0.0	0.0	0.0	0.0	0.0	0.0	0.0	0.0	0.0	0.0
429	1.0	0.0	0.0	0.0	0.0	0.0	0.0	0.0	0.0	0.0	0.0	0.0	0.0	0.0	0.0	0.0
460	1.0	0.0	0.0	0.0	0.0	0.0	0.0	0.0	0.0	0.0	0.0	0.0	0.0	0.0	0.0	0.0
501	1.0	0.0	0.0	0.0	0.0	0.0	0.0	0.0	0.0	0.0	0.0	0.0	0.0	0.0	0.0	0.0
557	1.0	0.0	0.0	0.0	0.0	0.0	0.0	0.0	0.0	0.0	0.0	0.0	0.0	0.0	0.0	0.0
603	1.0	0.0	0.0	0.0	0.0	0.0	0.0	0.0	0.0	0.0	0.0	0.0	0.0	0.0	0.0	0.0
608	1.0	0.0	0.0	0.0	0.0	0.0	0.0	0.0	0.0	0.0	0.0	0.0	0.0	0.0	0.0	0.0
25	0.9771	0.0	0.0	0.0	0.0	0.0	0.0229	0.0	0.0	0.0	0.0	0.0	0.0	0.0	0.0	0.0
25	0.9571999999999999	0.0	0.0	0.0	0.0	0.0	0.042800000000000005	0.0	0.0	0.0	0.0	0.0	0.0	0.0	0.0	0.0
25	0.9384999999999999	0.0	0.0	0.0	0.0	0.0	0.061500000000000006	0.0	0.0	0.0	0.0	0.0	0.0	0.0	0.0	0.0
25	0.9064	0.0	0.0	0.0	0.0	0.0	0.09359999999999999	0.0	0.0	0.0	0.0	0.0	0.0	0.0	0.0	0.0
25	1.0	0.0	0.0	0.0	0.0	0.0	0.0	0.0	0.0	0.0	0.0	0.0	0.0	0.0	0.0	0.0
25	0.9740000000000001	0.0	0.0	0.0	0.0	0.0	0.026000000000000002	0.0	0.0	0.0	0.0	0.0	0.0	0.0	0.0	0.0
25	0.9420000000000001	0.0	0.0	0.0	0.0	0.0	0.057999999999999996	0.0	0.0	0.0	0.0	0.0	0.0	0.0	0.0	0.0
25	0.93	0.0	0.0	0.0	0.0	0.0	0.07	0.0	0.0	0.0	0.0	0.0	0.0	0.0	0.0	0.0
25	0.905	0.0	0.0	0.0	0.0	0.0	0.095	0.0	0.0	0.0	0.0	0.0	0.0	0.0	0.0	0.0
18	0.9743	0.0	0.0	0.0	0.0	0.0	0.0	0.0	0.0	0.0	0.0	0.025699999999999997	0.0	0.0	0.0	0.0
18	0.9534999999999999	0.0	0.0	0.0	0.0	0.0	0.0	0.0	0.0	0.0	0.0	0.04650000000000001	0.0	0.0	0.0	0.0
18	0.9431	0.0	0.0	0.0	0.0	0.0	0.0	0.0	0.0	0.0	0.0	0.056900000000000006	0.0	0.0	0.0	0.0
18	0.9209999999999999	0.0	0.0	0.0	0.0	0.0	0.0	0.0	0.0	0.0	0.0	0.079	0.0	0.0	0.0	0.0
18	0.9041	0.0	0.0	0.0	0.0	0.0	0.0	0.0	0.0	0.0	0.0	0.0959	0.0	0.0	0.0	0.0
18	0.8956000000000001	0.0	0.0	0.0	0.0	0.0	0.0	0.0	0.0	0.0	0.0	0.10439999999999999	0.0	0.0	0.0	0.0
18	0.8467	0.0	0.0	0.0	0.0	0.0	0.0	0.0	0.0	0.0	0.0	0.1533	0.0	0.0	0.0	0.0
18	0.8462999999999999	0.0	0.0	0.0	0.0	0.0	0.0	0.0	0.0	0.0	0.0	0.1537	0.0	0.0	0.0	0.0
18	0.8106	0.0	0.0	0.0	0.0	0.0	0.0	0.0	0.0	0.0	0.0	0.1894	0.0	0.0	0.0	0.0
18	0.7951	0.0	0.0	0.0	0.0	0.0	0.0	0.0	0.0	0.0	0.0	0.20489999999999997	0.0	0.0	0.0	0.0
18	0.7939	0.0	0.0	0.0	0.0	0.0	0.0	0.0	0.0	0.0	0.0	0.2061	0.0	0.0	0.0	0.0
18	0.7911	0.0	0.0	0.0	0.0	0.0	0.0	0.0	0.0	0.0	0.0	0.2089	0.0	0.0	0.0	0.0
18	0.7685	0.0	0.0	0.0	0.0	0.0	0.0	0.0	0.0	0.0	0.0	0.23149999999999998	0.0	0.0	0.0	0.0
18	0.764	0.0	0.0	0.0	0.0	0.0	0.0	0.0	0.0	0.0	0.0	0.23600000000000002	0.0	0.0	0.0	0.0
18	0.7531	0.0	0.0	0.0	0.0	0.0	0.0	0.0	0.0	0.0	0.0	0.2469	0.0	0.0	0.0	0.0
18	0.7037	0.0	0.0	0.0	0.0	0.0	0.0	0.0	0.0	0.0	0.0	0.2963	0.0	0.0	0.0	0.0
18	0.6759000000000001	0.0	0.0	0.0	0.0	0.0	0.0	0.0	0.0	0.0	0.0	0.32409999999999994	0.0	0.0	0.0	0.0
18	0.648	0.0	0.0	0.0	0.0	0.0	0.0	0.0	0.0	0.0	0.0	0.35200000000000004	0.0	0.0	0.0	0.0
18	0.6470999999999999	0.0	0.0	0.0	0.0	0.0	0.0	0.0	0.0	0.0	0.0	0.3529	0.0	0.0	0.0	0.0
18	0.6448	0.0	0.0	0.0	0.0	0.0	0.0	0.0	0.0	0.0	0.0	0.3552	0.0	0.0	0.0	0.0
18	0.6394	0.0	0.0	0.0	0.0	0.0	0.0	0.0	0.0	0.0	0.0	0.36060000000000003	0.0	0.0	0.0	0.0
18	0.6202000000000001	0.0	0.0	0.0	0.0	0.0	0.0	0.0	0.0	0.0	0.0	0.37979999999999997	0.0	0.0	0.0	0.0
18	0.6169	0.0	0.0	0.0	0.0	0.0	0.0	0.0	0.0	0.0	0.0	0.3831	0.0	0.0	0.0	0.0
18	0.6015999999999999	0.0	0.0	0.0	0.0	0.0	0.0	0.0	0.0	0.0	0.0	0.39840000000000003	0.0	0.0	0.0	0.0
18	0.597	0.0	0.0	0.0	0.0	0.0	0.0	0.0	0.0	0.0	0.0	0.40299999999999997	0.0	0.0	0.0	0.0
18	0.5808	0.0	0.0	0.0	0.0	0.0	0.0	0.0	0.0	0.0	0.0	0.4192	0.0	0.0	0.0	0.0
25	0.9711	0.0	0.0	0.0	0.028900000000000002	0.0	0.0	0.0	0.0	0.0	0.0	0.0	0.0	0.0	0.0	0.0
25	0.9208	0.0	0.0	0.0	0.07919999999999999	0.0	0.0	0.0	0.0	0.0	0.0	0.0	0.0	0.0	0.0	0.0
25	0.8734000000000001	0.0	0.0	0.0	0.1266	0.0	0.0	0.0	0.0	0.0	0.0	0.0	0.0	0.0	0.0	0.0
25	0.8590000000000001	0.0	0.0	0.0	0.141	0.0	0.0	0.0	0.0	0.0	0.0	0.0	0.0	0.0	0.0	0.0
25	1.0	0.0	0.0	0.0	0.0	0.0	0.0	0.0	0.0	0.0	0.0	0.0	0.0	0.0	0.0	0.0
25	0.9944	0.0	0.0	0.0	0.0	0.0	0.0	0.0	0.0	0.005600000000000001	0.0	0.0	0.0	0.0	0.0	0.0
25	0.9887999999999999	0.0	0.0	0.0	0.0	0.0	0.0	0.0	0.0	0.011200000000000002	0.0	0.0	0.0	0.0	0.0	0.0
25	1.0	0.0	0.0	0.0	0.0	0.0	0.0	0.0	0.0	0.0	0.0	0.0	0.0	0.0	0.0	0.0
25	0.9698899999999999	0.0	0.0	0.0	0.0	0.0	0.0	0.03011	0.0	0.0	0.0	0.0	0.0	0.0	0.0	0.0
25	0.94052	0.0	0.0	0.0	0.0	0.0	0.0	0.05948	0.0	0.0	0.0	0.0	0.0	0.0	0.0	0.0
25	1.0	0.0	0.0	0.0	0.0	0.0	0.0	0.0	0.0	0.0	0.0	0.0	0.0	0.0	0.0	0.0
25	0.9798100000000001	0.0	0.0	0.0	0.0	0.0	0.0	0.0	0.02019	0.0	0.0	0.0	0.0	0.0	0.0	0.0
25	0.96	0.0	0.0	0.0	0.0	0.0	0.0	0.0	0.04	0.0	0.0	0.0	0.0	0.0	0.0	0.0
25	0.94038	0.0	0.0	0.0	0.0	0.0	0.0	0.0	0.059620000000000006	0.0	0.0	0.0	0.0	0.0	0.0	0.0
25	0.9198100000000001	0.0	0.0	0.0	0.0	0.0	0.0	0.0	0.08019	0.0	0.0	0.0	0.0	0.0	0.0	0.0
20	0.7768	0.0	0.0	0.1894	0.0	0.028300000000000002	0.0	0.0	0.0055000000000000005	0.0	0.0	0.0	0.0	0.0	0.0	0.0
100	0.7768	0.0	0.0	0.1894	0.0	0.028300000000000002	0.0	0.0	0.0055000000000000005	0.0	0.0	0.0	0.0	0.0	0.0	0.0
200	0.7768	0.0	0.0	0.1894	0.0	0.028300000000000002	0.0	0.0	0.0055000000000000005	0.0	0.0	0.0	0.0	0.0	0.0	0.0
300	0.7768	0.0	0.0	0.1894	0.0	0.028300000000000002	0.0	0.0	0.0055000000000000005	0.0	0.0	0.0	0.0	0.0	0.0	0.0
400	0.7768	0.0	0.0	0.1894	0.0	0.028300000000000002	0.0	0.0	0.0055000000000000005	0.0	0.0	0.0	0.0	0.0	0.0	0.0
500	0.7768	0.0	0.0	0.1894	0.0	0.028300000000000002	0.0	0.0	0.0055000000000000005	0.0	0.0	0.0	0.0	0.0	0.0	0.0
600	0.7768	0.0	0.0	0.1894	0.0	0.028300000000000002	0.0	0.0	0.0055000000000000005	0.0	0.0	0.0	0.0	0.0	0.0	0.0
800	0.7768	0.0	0.0	0.1894	0.0	0.028300000000000002	0.0	0.0	0.0055000000000000005	0.0	0.0	0.0	0.0	0.0	0.0	0.0
850	0.7768	0.0	0.0	0.1894	0.0	0.028300000000000002	0.0	0.0	0.0055000000000000005	0.0	0.0	0.0	0.0	0.0	0.0	0.0
900	0.7772	0.0	0.0	0.18109999999999998	0.0	0.0355	0.0	0.0	0.0062	0.0	0.0	0.0	0.0	0.0	0.0	0.0
950	0.7761	0.0	0.0	0.1734	0.0	0.0436	0.0	0.0	0.0069	0.0	0.0	0.0	0.0	0.0	0.0	0.0
1000	0.7751	0.0	0.0	0.1642	0.0	0.0529	0.0	0.0	0.0078000000000000005	0.0	0.0	0.0	0.0	0.0	0.0	0.0
20	0.6739	0.0	0.2329	0.0123	0.0433	0.0319	0.0027	0.0	0.003	0.0	0.0	0.0	0.0	0.0	0.0	0.0
100	0.6739	0.0	0.2329	0.0123	0.0433	0.0319	0.0027	0.0	0.003	0.0	0.0	0.0	0.0	0.0	0.0	0.0
200	0.6739	0.0	0.2329	0.0123	0.0433	0.0319	0.0027	0.0	0.003	0.0	0.0	0.0	0.0	0.0	0.0	0.0
300	0.6739	0.0	0.2329	0.0123	0.0433	0.0319	0.0027	0.0	0.003	0.0	0.0	0.0	0.0	0.0	0.0	0.0
400	0.6739	0.0	0.2329	0.0123	0.0433	0.0319	0.0027	0.0	0.003	0.0	0.0	0.0	0.0	0.0	0.0	0.0
500	0.6739	0.0	0.2329	0.0123	0.0433	0.0319	0.0027	0.0	0.003	0.0	0.0	0.0	0.0	0.0	0.0	0.0
600	0.6739	0.0	0.2329	0.0123	0.0433	0.0319	0.0027	0.0	0.003	0.0	0.0	0.0	0.0	0.0	0.0	0.0
700	0.6739	0.0	0.2329	0.0123	0.0433	0.0319	0.0027	0.0	0.003	0.0	0.0	0.0	0.0	0.0	0.0	0.0
800	0.6739	0.0	0.2329	0.0123	0.0433	0.0319	0.0027	0.0	0.003	0.0	0.0	0.0	0.0	0.0	0.0	0.0
850	0.6739	0.0	0.2329	0.0123	0.0433	0.0319	0.0027	0.0	0.003	0.0	0.0	0.0	0.0	0.0	0.0	0.0
900	0.6819	0.0	0.217	0.011899999999999999	0.0429	0.0392	0.0037	0.0	0.0034000000000000002	0.0	0.0	0.0	0.0	0.0	0.0	0.0
950	0.6903	0.0	0.1997	0.011399999999999999	0.0424	0.0475	0.005	0.0	0.0038	0.0	0.0	0.0	0.0	0.0	0.0	0.0
1000	0.6977	0.0	0.1822	0.0108	0.0416	0.056900000000000006	0.006500000000000001	0.0	0.0042	0.0	0.0	0.0	0.0	0.0	0.0	0.0
20	0.6093999999999999	0.0888	0.2138	0.0074	0.0395	0.035	0.0033	0.0	0.0028000000000000004	0.0	0.0	0.0	0.0	0.0	0.0	0.0
100	0.6093999999999999	0.0888	0.2138	0.0074	0.0395	0.035	0.0033	0.0	0.0028000000000000004	0.0	0.0	0.0	0.0	0.0	0.0	0.0
200	0.6093999999999999	0.0888	0.2138	0.0074	0.0395	0.035	0.0033	0.0	0.0028000000000000004	0.0	0.0	0.0	0.0	0.0	0.0	0.0
300	0.6093999999999999	0.0888	0.2138	0.0074	0.0395	0.035	0.0033	0.0	0.0028000000000000004	0.0	0.0	0.0	0.0	0.0	0.0	0.0
400	0.6093999999999999	0.0888	0.2138	0.0074	0.0395	0.035	0.0033	0.0	0.0028000000000000004	0.0	0.0	0.0	0.0	0.0	0.0	0.0
500	0.6093999999999999	0.0888	0.2138	0.0074	0.0395	0.035	0.0033	0.0	0.0028000000000000004	0.0	0.0	0.0	0.0	0.0	0.0	0.0
600	0.6093999999999999	0.0888	0.2138	0.0074	0.0395	0.035	0.0033	0.0	0.0028000000000000004	0.0	0.0	0.0	0.0	0.0	0.0	0.0
700	0.6093999999999999	0.0888	0.2138	0.0074	0.0395	0.035	0.0033	0.0	0.0028000000000000004	0.0	0.0	0.0	0.0	0.0	0.0	0.0
800	0.6093999999999999	0.0888	0.2138	0.0074	0.0395	0.035	0.0033	0.0	0.0028000000000000004	0.0	0.0	0.0	0.0	0.0	0.0	0.0
850	0.6093999999999999	0.0888	0.2138	0.0074	0.0395	0.035	0.0033	0.0	0.0028000000000000004	0.0	0.0	0.0	0.0	0.0	0.0	0.0
900	0.6195	0.08310000000000001	0.2005	0.0072	0.0393	0.042699999999999995	0.0045000000000000005	0.0	0.0032	0.0	0.0	0.0	0.0	0.0	0.0	0.0
950	0.63381	0.0768	0.18228999999999998	0.0068000000000000005	0.0388	0.0519	0.006	0.0	0.0036	0.0	0.0	0.0	0.0	0.0	0.0	0.0
1000	0.642	0.0716	0.16829999999999998	0.006500000000000001	0.0383	0.061500000000000006	0.0078000000000000005	0.0	0.004	0.0	0.0	0.0	0.0	0.0	0.0	0.0
20	1.0	0.0	0.0	0.0	0.0	0.0	0.0	0.0	0.0	0.0	0.0	0.0	0.0	0.0	0.0	0.0
20	0.889	0.0	0.111	0.0	0.0	0.0	0.0	0.0	0.0	0.0	0.0	0.0	0.0	0.0	0.0	0.0
20	0.7490000000000001	0.0	0.111	0.0	0.0	0.14	0.0	0.0	0.0	0.0	0.0	0.0	0.0	0.0	0.0	0.0
20	0.7190000000000001	0.0	0.111	0.0	0.0	0.17	0.0	0.0	0.0	0.0	0.0	0.0	0.0	0.0	0.0	0.0
20	0.8	0.0	0.2	0.0	0.0	0.0	0.0	0.0	0.0	0.0	0.0	0.0	0.0	0.0	0.0	0.0
20	0.7	0.0	0.2	0.0	0.0	0.1	0.0	0.0	0.0	0.0	0.0	0.0	0.0	0.0	0.0	0.0
20	0.97	0.0	0.0	0.03	0.0	0.0	0.0	0.0	0.0	0.0	0.0	0.0	0.0	0.0	0.0	0.0
20	0.94	0.0	0.0	0.06	0.0	0.0	0.0	0.0	0.0	0.0	0.0	0.0	0.0	0.0	0.0	0.0
20	0.91	0.0	0.0	0.09	0.0	0.0	0.0	0.0	0.0	0.0	0.0	0.0	0.0	0.0	0.0	0.0
20	0.903	0.0	0.0	0.09699999999999999	0.0	0.0	0.0	0.0	0.0	0.0	0.0	0.0	0.0	0.0	0.0	0.0
20	0.782	0.0	0.0	0.218	0.0	0.0	0.0	0.0	0.0	0.0	0.0	0.0	0.0	0.0	0.0	0.0
20	0.92	0.0	0.0	0.0	0.0	0.0	0.0	0.0	0.08	0.0	0.0	0.0	0.0	0.0	0.0	0.0
20	0.91	0.0	0.0	0.0	0.09	0.0	0.0	0.0	0.0	0.0	0.0	0.0	0.0	0.0	0.0	0.0
20	0.845	0.0	0.0	0.0	0.155	0.0	0.0	0.0	0.0	0.0	0.0	0.0	0.0	0.0	0.0	0.0
